map_id,sample_id,domain,scenario,method,operation,storage,cost,optimal,runtime_seconds
1,0,transpose,clean,adaptive,50,170,53.45584412271571,53.4558441227157,0.00028620800003409386
1,0,transpose,clean,fixed_1_controlled,52,173,53.45584412271571,53.4558441227157,0.00024654200024087913
1,0,transpose,clean,fixed_2_controlled,50,170,53.45584412271571,53.4558441227157,0.0002311669995833654
1,0,transpose,corrupt50,adaptive,62,184,54.04163056034262,53.4558441227157,0.0002746249992924277
1,0,transpose,corrupt50,fixed_1_controlled,59,185,53.45584412271571,53.4558441227157,0.0008914159989217296
1,0,transpose,corrupt50,fixed_2_controlled,63,186,54.04163056034262,53.4558441227157,0.0004303329988033511
1,0,transpose,corrupt100,adaptive,248,366,57.941125496954285,53.4558441227157,0.0008282909984700382
1,0,transpose,corrupt100,fixed_1_controlled,118,299,55.45584412271571,53.4558441227157,0.00043324999933247454
1,0,transpose,corrupt100,fixed_2_controlled,248,366,57.941125496954285,53.4558441227157,0.0007523749991378281
1,1,transpose,clean,adaptive,340,371,53.45584412271571,53.455844122715675,0.0010372920005465858
1,1,transpose,clean,fixed_1_controlled,171,257,53.45584412271571,53.455844122715675,0.0005479169994941913
1,1,transpose,clean,fixed_2_controlled,311,239,53.45584412271571,53.455844122715675,0.0008577499975217506
1,1,transpose,corrupt50,adaptive,664,689,53.45584412271571,53.455844122715675,0.0019033749995287508
1,1,transpose,corrupt50,fixed_1_controlled,451,373,54.87005768508881,53.455844122715675,0.0014744590007467195
1,1,transpose,corrupt50,fixed_2_controlled,433,332,56.87005768508881,53.455844122715675,0.0017333329997200053
1,1,transpose,corrupt100,adaptive,648,689,53.45584412271571,53.455844122715675,0.0016060840025602374
1,1,transpose,corrupt100,fixed_1_controlled,1358,1139,53.45584412271571,53.455844122715675,0.004122499998629792
1,1,transpose,corrupt100,fixed_2_controlled,619,372,54.2842712474619,53.455844122715675,0.0015753750012663659
1,2,transpose,clean,adaptive,309,298,54.87005768508881,54.870057685088796,0.000941082998906495
1,2,transpose,clean,fixed_1_controlled,213,290,54.87005768508881,54.870057685088796,0.0006790829975216184
1,2,transpose,clean,fixed_2_controlled,332,298,54.87005768508881,54.870057685088796,0.0010752919988590293
1,2,transpose,corrupt50,adaptive,264,341,54.87005768508881,54.870057685088796,0.0008787500009930227
1,2,transpose,corrupt50,fixed_1_controlled,255,336,54.87005768508881,54.870057685088796,0.0008293339997180738
1,2,transpose,corrupt50,fixed_2_controlled,257,334,54.87005768508881,54.870057685088796,0.0008251250001194421
1,2,transpose,corrupt100,adaptive,902,952,54.87005768508881,54.870057685088796,0.0026823330008483026
1,2,transpose,corrupt100,fixed_1_controlled,1444,1225,54.87005768508881,54.870057685088796,0.0047770000019227155
1,2,transpose,corrupt100,fixed_2_controlled,416,491,55.45584412271571,54.870057685088796,0.001419958000042243
2,0,transpose,clean,adaptive,17,64,18.071067811865476,18.07106781186548,0.00010804100020322949
2,0,transpose,clean,fixed_1_controlled,17,64,18.071067811865476,18.07106781186548,9.349999891128391e-05
2,0,transpose,clean,fixed_2_controlled,17,64,18.071067811865476,18.07106781186548,7.750000077066943e-05
2,0,transpose,corrupt50,adaptive,17,62,18.071067811865476,18.07106781186548,6.712500180583447e-05
2,0,transpose,corrupt50,fixed_1_controlled,17,62,18.071067811865476,18.07106781186548,6.20419996266719e-05
2,0,transpose,corrupt50,fixed_2_controlled,36,113,18.071067811865476,18.07106781186548,0.00015574999997625127
2,0,transpose,corrupt100,adaptive,18,67,18.071067811865476,18.07106781186548,6.770799882360734e-05
2,0,transpose,corrupt100,fixed_1_controlled,17,59,18.071067811865476,18.07106781186548,5.554200106416829e-05
2,0,transpose,corrupt100,fixed_2_controlled,17,63,18.899494936611667,18.07106781186548,5.674999920302071e-05
2,1,transpose,clean,adaptive,79,133,32.48528137423857,32.485281374238575,0.0002768749982351437
2,1,transpose,clean,fixed_1_controlled,79,134,32.48528137423857,32.485281374238575,0.000256417002674425
2,1,transpose,clean,fixed_2_controlled,86,133,32.48528137423857,32.485281374238575,0.0002661660000740085
2,1,transpose,corrupt50,adaptive,355,417,32.48528137423857,32.485281374238575,0.0008079159997578245
2,1,transpose,corrupt50,fixed_1_controlled,439,538,32.48528137423857,32.485281374238575,0.001088958997570444
2,1,transpose,corrupt50,fixed_2_controlled,113,222,32.48528137423857,32.485281374238575,0.0004138330004934687
2,1,transpose,corrupt100,adaptive,406,436,32.48528137423857,32.485281374238575,0.001089792000129819
2,1,transpose,corrupt100,fixed_1_controlled,770,669,32.48528137423857,32.485281374238575,0.0019725829988601618
2,1,transpose,corrupt100,fixed_2_controlled,173,309,36.62741699796952,32.485281374238575,0.0006241670016606804
2,2,transpose,clean,adaptive,42,81,16.899494936611667,16.899494936611667,0.000128416002553422
2,2,transpose,clean,fixed_1_controlled,51,92,16.899494936611667,16.899494936611667,0.00014795899915043265
2,2,transpose,clean,fixed_2_controlled,43,81,16.899494936611667,16.899494936611667,0.00011908300075447187
2,2,transpose,corrupt50,adaptive,88,129,16.899494936611667,16.899494936611667,0.0001821670011850074
2,2,transpose,corrupt50,fixed_1_controlled,308,364,16.899494936611667,16.899494936611667,0.0005658750014845282
2,2,transpose,corrupt50,fixed_2_controlled,328,458,16.899494936611667,16.899494936611667,0.000980665998213226
2,2,transpose,corrupt100,adaptive,88,129,16.899494936611667,16.899494936611667,0.00022612500106333755
2,2,transpose,corrupt100,fixed_1_controlled,338,406,16.899494936611667,16.899494936611667,0.0006758340023225173
2,2,transpose,corrupt100,fixed_2_controlled,230,373,16.899494936611667,16.899494936611667,0.0007803750013408717
8,0,transpose,clean,adaptive,326,229,36.384776310850235,36.384776310850235,0.0008242090007115621
8,0,transpose,clean,fixed_1_controlled,297,225,36.384776310850235,36.384776310850235,0.0006869999997434206
8,0,transpose,clean,fixed_2_controlled,326,229,36.384776310850235,36.384776310850235,0.0007390829996438697
8,0,transpose,corrupt50,adaptive,413,495,36.384776310850235,36.384776310850235,0.0009061249984370079
8,0,transpose,corrupt50,fixed_1_controlled,931,513,36.384776310850235,36.384776310850235,0.0023107500019250438
8,0,transpose,corrupt50,fixed_2_controlled,291,280,36.384776310850235,36.384776310850235,0.0008071249976637773
8,0,transpose,corrupt100,adaptive,413,495,36.384776310850235,36.384776310850235,0.0009167499993054662
8,0,transpose,corrupt100,fixed_1_controlled,646,731,36.384776310850235,36.384776310850235,0.0013380000018514693
8,0,transpose,corrupt100,fixed_2_controlled,267,312,36.384776310850235,36.384776310850235,0.0007250000016938429
8,1,transpose,clean,adaptive,577,587,37.31370849898476,37.31370849898477,0.0013162499999452848
8,1,transpose,clean,fixed_1_controlled,429,476,37.31370849898476,37.31370849898477,0.0010260420021950267
8,1,transpose,clean,fixed_2_controlled,683,476,37.31370849898476,37.31370849898477,0.0019236250009271316
8,1,transpose,corrupt50,adaptive,613,685,37.31370849898476,37.31370849898477,0.0015116659997147508
8,1,transpose,corrupt50,fixed_1_controlled,433,517,37.31370849898476,37.31370849898477,0.0011520000007294584
8,1,transpose,corrupt50,fixed_2_controlled,700,492,37.31370849898476,37.31370849898477,0.0018010409985436127
8,1,transpose,corrupt100,adaptive,613,685,37.31370849898476,37.31370849898477,0.0012958749975950923
8,1,transpose,corrupt100,fixed_1_controlled,742,815,38.14213562373095,37.31370849898477,0.0013331250011106022
8,1,transpose,corrupt100,fixed_2_controlled,801,863,38.14213562373095,37.31370849898477,0.0015181249982560985
8,2,transpose,clean,adaptive,1003,1077,57.21320343559643,57.21320343559643,0.00217999999949825
8,2,transpose,clean,fixed_1_controlled,838,935,57.21320343559643,57.21320343559643,0.00181791599970893
8,2,transpose,clean,fixed_2_controlled,993,897,57.21320343559643,57.21320343559643,0.0023507920013798866
8,2,transpose,corrupt50,adaptive,1008,1081,57.21320343559643,57.21320343559643,0.0023194579989649355
8,2,transpose,corrupt50,fixed_1_controlled,1008,1085,57.21320343559643,57.21320343559643,0.0021003749970986973
8,2,transpose,corrupt50,fixed_2_controlled,1242,976,57.21320343559643,57.21320343559643,0.0027620000000752043
8,2,transpose,corrupt100,adaptive,1038,1091,57.21320343559643,57.21320343559643,0.0021532089995162096
8,2,transpose,corrupt100,fixed_1_controlled,982,1054,57.21320343559643,57.21320343559643,0.001906417001009686
8,2,transpose,corrupt100,fixed_2_controlled,1429,1054,57.21320343559643,57.21320343559643,0.0032965419995889533
22,0,transpose,clean,adaptive,436,475,38.31370849898476,38.31370849898477,0.001074499999958789
22,0,transpose,clean,fixed_1_controlled,434,429,38.31370849898476,38.31370849898477,0.0011264589993515983
22,0,transpose,clean,fixed_2_controlled,540,428,38.31370849898476,38.31370849898477,0.001207916997373104
22,0,transpose,corrupt50,adaptive,606,701,38.31370849898476,38.31370849898477,0.0012459999998100102
22,0,transpose,corrupt50,fixed_1_controlled,1026,1107,38.31370849898476,38.31370849898477,0.001936042001034366
22,0,transpose,corrupt50,fixed_2_controlled,1157,1204,38.31370849898476,38.31370849898477,0.002301708998857066
22,0,transpose,corrupt100,adaptive,606,701,38.31370849898476,38.31370849898477,0.0012943330002599396
22,0,transpose,corrupt100,fixed_1_controlled,553,650,38.31370849898476,38.31370849898477,0.001096500000130618
22,0,transpose,corrupt100,fixed_2_controlled,498,557,38.31370849898476,38.31370849898477,0.0011963750002905726
22,1,transpose,clean,adaptive,19,65,16.48528137423857,16.48528137423857,8.608300049672835e-05
22,1,transpose,clean,fixed_1_controlled,19,65,16.48528137423857,16.48528137423857,8.00420020823367e-05
22,1,transpose,clean,fixed_2_controlled,19,65,16.48528137423857,16.48528137423857,7.704100062255748e-05
22,1,transpose,corrupt50,adaptive,81,132,16.48528137423857,16.48528137423857,0.0002103749975503888
22,1,transpose,corrupt50,fixed_1_controlled,136,181,16.48528137423857,16.48528137423857,0.00032854199889698066
22,1,transpose,corrupt50,fixed_2_controlled,58,166,18.14213562373095,16.48528137423857,0.00023958399833645672
22,1,transpose,corrupt100,adaptive,74,123,16.48528137423857,16.48528137423857,0.0001894590022857301
22,1,transpose,corrupt100,fixed_1_controlled,197,196,16.48528137423857,16.48528137423857,0.00044875000094179995
22,1,transpose,corrupt100,fixed_2_controlled,194,282,19.899494936611667,16.48528137423857,0.0005410829980974086
22,2,transpose,clean,adaptive,427,499,31.727922061357855,31.727922061357862,0.0010330000004614703
22,2,transpose,clean,fixed_1_controlled,263,335,31.727922061357855,31.727922061357862,0.0006139580000308342
22,2,transpose,clean,fixed_2_controlled,333,327,31.727922061357855,31.727922061357862,0.0007934580025903415
22,2,transpose,corrupt50,adaptive,430,502,31.727922061357855,31.727922061357862,0.0009296249991166405
22,2,transpose,corrupt50,fixed_1_controlled,388,473,31.727922061357855,31.727922061357862,0.0008145419997163117
22,2,transpose,corrupt50,fixed_2_controlled,342,416,31.727922061357855,31.727922061357862,0.000898457998118829
22,2,transpose,corrupt100,adaptive,430,502,31.727922061357855,31.727922061357862,0.0009624170015740674
22,2,transpose,corrupt100,fixed_1_controlled,650,756,31.727922061357855,31.727922061357862,0.0015185830015980173
22,2,transpose,corrupt100,fixed_2_controlled,430,567,31.727922061357855,31.727922061357862,0.0012544580022222362
35,0,transpose,clean,adaptive,160,249,63.87005768508881,63.8700576850888,0.000405167000280926
35,0,transpose,clean,fixed_1_controlled,167,260,63.87005768508881,63.8700576850888,0.00040641599844093435
35,0,transpose,clean,fixed_2_controlled,162,248,63.87005768508881,63.8700576850888,0.0003897079986927565
35,0,transpose,corrupt50,adaptive,432,447,63.87005768508881,63.8700576850888,0.0010815419991558883
35,0,transpose,corrupt50,fixed_1_controlled,297,353,65.5269119345812,63.8700576850888,0.0007547910026914906
35,0,transpose,corrupt50,fixed_2_controlled,379,428,68.59797974644667,63.8700576850888,0.0009538329977658577
35,0,transpose,corrupt100,adaptive,417,447,63.87005768508881,63.8700576850888,0.0009523329972580541
35,0,transpose,corrupt100,fixed_1_controlled,655,656,64.698484809835,63.8700576850888,0.001491416998760542
35,0,transpose,corrupt100,fixed_2_controlled,444,467,63.87005768508881,63.8700576850888,0.0010187080006289762
35,1,transpose,clean,adaptive,26,52,11.899494936611665,11.899494936611667,8.474999776808545e-05
35,1,transpose,clean,fixed_1_controlled,27,56,11.899494936611665,11.899494936611667,8.08749973657541e-05
35,1,transpose,clean,fixed_2_controlled,26,52,11.899494936611665,11.899494936611667,7.595799979753792e-05
35,1,transpose,corrupt50,adaptive,46,83,11.899494936611665,11.899494936611667,0.00012974999845027924
35,1,transpose,corrupt50,fixed_1_controlled,41,76,11.899494936611665,11.899494936611667,0.0001172499978565611
35,1,transpose,corrupt50,fixed_2_controlled,40,66,11.899494936611665,11.899494936611667,0.00010920800195890479
35,1,transpose,corrupt100,adaptive,54,86,11.899494936611665,11.899494936611667,0.00011820799772976898
35,1,transpose,corrupt100,fixed_1_controlled,174,208,11.899494936611665,11.899494936611667,0.00029045900009805337
35,1,transpose,corrupt100,fixed_2_controlled,260,353,11.899494936611665,11.899494936611667,0.0006532919978781138
35,2,transpose,clean,adaptive,215,241,26.14213562373095,26.142135623730955,0.0005703749993699603
35,2,transpose,clean,fixed_1_controlled,105,163,26.14213562373095,26.142135623730955,0.0003107090014964342
35,2,transpose,clean,fixed_2_controlled,77,126,26.14213562373095,26.142135623730955,0.0002252910016977694
35,2,transpose,corrupt50,adaptive,223,306,26.14213562373095,26.142135623730955,0.0005126249998284038
35,2,transpose,corrupt50,fixed_1_controlled,436,514,26.14213562373095,26.142135623730955,0.0008949170005507767
35,2,transpose,corrupt50,fixed_2_controlled,212,293,26.14213562373095,26.142135623730955,0.0005319170013535768
35,2,transpose,corrupt100,adaptive,234,315,26.14213562373095,26.142135623730955,0.0005926249978074338
35,2,transpose,corrupt100,fixed_1_controlled,194,199,26.970562748477143,26.142135623730955,0.0005273750030028168
35,2,transpose,corrupt100,fixed_2_controlled,245,189,26.14213562373095,26.142135623730955,0.0005942079988017213
36,0,transpose,clean,adaptive,186,236,29.727922061357855,29.727922061357862,0.00048025000069173984
36,0,transpose,clean,fixed_1_controlled,167,242,29.727922061357855,29.727922061357862,0.00040791700303088874
36,0,transpose,clean,fixed_2_controlled,186,236,29.727922061357855,29.727922061357862,0.000464458000351442
36,0,transpose,corrupt50,adaptive,344,410,29.727922061357855,29.727922061357862,0.000795959000242874
36,0,transpose,corrupt50,fixed_1_controlled,415,489,29.727922061357855,29.727922061357862,0.000866958998813061
36,0,transpose,corrupt50,fixed_2_controlled,200,296,29.727922061357855,29.727922061357862,0.000570958000025712
36,0,transpose,corrupt100,adaptive,294,368,29.727922061357855,29.727922061357862,0.0006194580018927809
36,0,transpose,corrupt100,fixed_1_controlled,503,597,29.727922061357855,29.727922061357862,0.001114916998631088
36,0,transpose,corrupt100,fixed_2_controlled,857,551,41.72792206135786,29.727922061357862,0.0019725000020116568
36,1,transpose,clean,adaptive,14,40,14.242640687119286,14.242640687119287,5.824999971082434e-05
36,1,transpose,clean,fixed_1_controlled,14,40,14.242640687119286,14.242640687119287,5.020800017518923e-05
36,1,transpose,clean,fixed_2_controlled,14,40,14.242640687119286,14.242640687119287,4.9124999350169674e-05
36,1,transpose,corrupt50,adaptive,33,64,14.242640687119286,14.242640687119287,8.587499905843288e-05
36,1,transpose,corrupt50,fixed_1_controlled,163,198,14.242640687119286,14.242640687119287,0.00027749999935622327
36,1,transpose,corrupt50,fixed_2_controlled,66,132,14.242640687119286,14.242640687119287,0.00023120900004869327
36,1,transpose,corrupt100,adaptive,30,59,14.242640687119286,14.242640687119287,6.824999945820309e-05
36,1,transpose,corrupt100,fixed_1_controlled,84,130,14.242640687119286,14.242640687119287,0.00015783400158397853
36,1,transpose,corrupt100,fixed_2_controlled,290,424,14.242640687119286,14.242640687119287,0.0007248749971040525
36,2,transpose,clean,adaptive,34,113,35.48528137423857,35.48528137423857,0.0001584999990882352
36,2,transpose,clean,fixed_1_controlled,35,116,35.48528137423857,35.48528137423857,0.00017204200048581697
36,2,transpose,clean,fixed_2_controlled,34,113,35.48528137423857,35.48528137423857,0.0001618329988559708
36,2,transpose,corrupt50,adaptive,48,111,35.48528137423857,35.48528137423857,0.00014133299919194542
36,2,transpose,corrupt50,fixed_1_controlled,55,118,35.48528137423857,35.48528137423857,0.0001520830010122154
36,2,transpose,corrupt50,fixed_2_controlled,73,194,36.31370849898476,35.48528137423857,0.00034308300018892623
36,2,transpose,corrupt100,adaptive,92,154,35.48528137423857,35.48528137423857,0.000248334003117634
36,2,transpose,corrupt100,fixed_1_controlled,79,147,35.48528137423857,35.48528137423857,0.00021708299755118787
36,2,transpose,corrupt100,fixed_2_controlled,131,171,35.48528137423857,35.48528137423857,0.00036058299883734435
38,0,transpose,clean,adaptive,216,291,37.798989873223334,37.79898987322332,0.0006513750013255049
38,0,transpose,clean,fixed_1_controlled,221,292,37.798989873223334,37.79898987322332,0.0005306250022840686
38,0,transpose,clean,fixed_2_controlled,215,291,37.798989873223334,37.79898987322332,0.0006478750001406297
38,0,transpose,corrupt50,adaptive,267,322,37.798989873223334,37.79898987322332,0.0007655420013179537
38,0,transpose,corrupt50,fixed_1_controlled,270,325,37.798989873223334,37.79898987322332,0.0005108750010549556
38,0,transpose,corrupt50,fixed_2_controlled,300,399,38.62741699796952,37.79898987322332,0.0006759159987268504
38,0,transpose,corrupt100,adaptive,317,360,37.798989873223334,37.79898987322332,0.000642833998426795
38,0,transpose,corrupt100,fixed_1_controlled,303,358,37.798989873223334,37.79898987322332,0.00059208399761701
38,0,transpose,corrupt100,fixed_2_controlled,441,530,39.45584412271571,37.79898987322332,0.0011275830001977738
38,1,transpose,clean,adaptive,25,97,28.970562748477143,28.970562748477146,0.00014525000005960464
38,1,transpose,clean,fixed_1_controlled,25,96,28.970562748477143,28.970562748477146,0.0001327499994658865
38,1,transpose,clean,fixed_2_controlled,25,97,28.970562748477143,28.970562748477146,0.000128040999697987
38,1,transpose,corrupt50,adaptive,25,97,28.970562748477143,28.970562748477146,0.00011462499969638884
38,1,transpose,corrupt50,fixed_1_controlled,26,96,28.970562748477143,28.970562748477146,9.787499948288314e-05
38,1,transpose,corrupt50,fixed_2_controlled,25,98,28.970562748477143,28.970562748477146,0.00012070899902028032
38,1,transpose,corrupt100,adaptive,206,219,28.970562748477143,28.970562748477146,0.0006646670008194633
38,1,transpose,corrupt100,fixed_1_controlled,97,165,30.38477631085024,28.970562748477146,0.00029666699992958456
38,1,transpose,corrupt100,fixed_2_controlled,185,221,32.04163056034262,28.970562748477146,0.000483292002172675
38,2,transpose,clean,adaptive,18,74,21.14213562373095,21.142135623730958,9.525000132271089e-05
38,2,transpose,clean,fixed_1_controlled,18,74,21.14213562373095,21.142135623730958,8.65420006448403e-05
38,2,transpose,clean,fixed_2_controlled,18,74,21.14213562373095,21.142135623730958,8.479200187139213e-05
38,2,transpose,corrupt50,adaptive,22,80,21.970562748477143,21.142135623730958,0.00010099999781232327
38,2,transpose,corrupt50,fixed_1_controlled,24,80,21.14213562373095,21.142135623730958,9.950000094249845e-05
38,2,transpose,corrupt50,fixed_2_controlled,22,80,21.970562748477143,21.142135623730958,9.495800259173848e-05
38,2,transpose,corrupt100,adaptive,146,207,21.14213562373095,21.142135623730958,0.00035154200304532424
38,2,transpose,corrupt100,fixed_1_controlled,382,464,21.14213562373095,21.142135623730958,0.0007837500015739352
38,2,transpose,corrupt100,fixed_2_controlled,370,442,21.14213562373095,21.142135623730958,0.0008451249996141996
39,0,transpose,clean,adaptive,656,767,72.87005768508881,72.87005768508878,0.0014543340003001504
39,0,transpose,clean,fixed_1_controlled,690,789,72.87005768508881,72.87005768508878,0.0015157499983615708
39,0,transpose,clean,fixed_2_controlled,795,764,72.87005768508881,72.87005768508878,0.001981875000637956
39,0,transpose,corrupt50,adaptive,1073,1128,72.87005768508881,72.87005768508878,0.0024267500011774246
39,0,transpose,corrupt50,fixed_1_controlled,1175,1201,72.87005768508881,72.87005768508878,0.002452125001582317
39,0,transpose,corrupt50,fixed_2_controlled,1316,1209,72.87005768508881,72.87005768508878,0.003056499997910578
39,0,transpose,corrupt100,adaptive,1042,1084,72.87005768508881,72.87005768508878,0.0024073330023384187
39,0,transpose,corrupt100,fixed_1_controlled,868,916,72.87005768508881,72.87005768508878,0.0019466670019028243
39,0,transpose,corrupt100,fixed_2_controlled,1023,900,72.87005768508881,72.87005768508878,0.0022772919983253814
39,1,transpose,clean,adaptive,73,99,21.727922061357855,21.727922061357862,0.00022129200078779832
39,1,transpose,clean,fixed_1_controlled,55,100,21.727922061357855,21.727922061357862,0.0002009169984376058
39,1,transpose,clean,fixed_2_controlled,73,99,21.727922061357855,21.727922061357862,0.00020958399909432046
39,1,transpose,corrupt50,adaptive,172,204,21.727922061357855,21.727922061357862,0.00041200000123353675
39,1,transpose,corrupt50,fixed_1_controlled,51,97,21.727922061357855,21.727922061357862,0.0001609169994480908
39,1,transpose,corrupt50,fixed_2_controlled,78,150,25.14213562373095,21.727922061357862,0.00031341700014309026
39,1,transpose,corrupt100,adaptive,134,185,21.727922061357855,21.727922061357862,0.00042912500066449866
39,1,transpose,corrupt100,fixed_1_controlled,83,116,21.727922061357855,21.727922061357862,0.00022858400188852102
39,1,transpose,corrupt100,fixed_2_controlled,148,181,22.556349186104047,21.727922061357862,0.00038666700129397213
39,2,transpose,clean,adaptive,542,579,47.798989873223334,47.79898987322332,0.001216417000250658
39,2,transpose,clean,fixed_1_controlled,274,350,47.798989873223334,47.79898987322332,0.0006951670002308674
39,2,transpose,clean,fixed_2_controlled,568,376,48.62741699796952,47.79898987322332,0.0013634159986395389
39,2,transpose,corrupt50,adaptive,358,450,47.798989873223334,47.79898987322332,0.0008177499985322356
39,2,transpose,corrupt50,fixed_1_controlled,362,450,47.798989873223334,47.79898987322332,0.0008332920006068889
39,2,transpose,corrupt50,fixed_2_controlled,396,450,47.798989873223334,47.79898987322332,0.00108620899845846
39,2,transpose,corrupt100,adaptive,677,706,47.798989873223334,47.79898987322332,0.0014788749977014959
39,2,transpose,corrupt100,fixed_1_controlled,593,640,47.798989873223334,47.79898987322332,0.0013196670006436761
39,2,transpose,corrupt100,fixed_2_controlled,663,709,47.798989873223334,47.79898987322332,0.001481833001889754
42,0,transpose,clean,adaptive,17,70,19.31370849898476,19.313708498984766,9.466600022278726e-05
42,0,transpose,clean,fixed_1_controlled,17,70,19.31370849898476,19.313708498984766,8.245800199802034e-05
42,0,transpose,clean,fixed_2_controlled,17,70,19.31370849898476,19.313708498984766,8.016699939616956e-05
42,0,transpose,corrupt50,adaptive,115,174,19.31370849898476,19.313708498984766,0.0002904169996327255
42,0,transpose,corrupt50,fixed_1_controlled,326,386,19.31370849898476,19.313708498984766,0.0006643749984505121
42,0,transpose,corrupt50,fixed_2_controlled,38,151,19.31370849898476,19.313708498984766,0.00020149999909335747
42,0,transpose,corrupt100,adaptive,93,147,19.31370849898476,19.313708498984766,0.0002451250002195593
42,0,transpose,corrupt100,fixed_1_controlled,317,308,19.31370849898476,19.313708498984766,0.0007089579994499218
42,0,transpose,corrupt100,fixed_2_controlled,40,119,20.14213562373095,19.313708498984766,0.00015712499953224324
42,1,transpose,clean,adaptive,41,144,44.14213562373095,44.14213562373095,0.00019358299687155522
42,1,transpose,clean,fixed_1_controlled,42,144,44.14213562373095,44.14213562373095,0.00018733300021267496
42,1,transpose,clean,fixed_2_controlled,41,144,44.14213562373095,44.14213562373095,0.0001817500015022233
42,1,transpose,corrupt50,adaptive,466,500,44.14213562373095,44.14213562373095,0.00120249999963562
42,1,transpose,corrupt50,fixed_1_controlled,276,332,44.72792206135786,44.14213562373095,0.0007532079980592243
42,1,transpose,corrupt50,fixed_2_controlled,53,204,47.45584412271571,44.14213562373095,0.00027466699975775555
42,1,transpose,corrupt100,adaptive,400,523,44.14213562373095,44.14213562373095,0.0010423329986224417
42,1,transpose,corrupt100,fixed_1_controlled,143,307,44.14213562373095,44.14213562373095,0.0004682500002672896
42,1,transpose,corrupt100,fixed_2_controlled,63,226,51.35533905932738,44.14213562373095,0.000286165999568766
42,2,transpose,clean,adaptive,31,87,20.556349186104047,20.55634918610405,0.0001149159979831893
42,2,transpose,clean,fixed_1_controlled,36,91,20.556349186104047,20.55634918610405,0.00011637500210781582
42,2,transpose,clean,fixed_2_controlled,31,87,20.556349186104047,20.55634918610405,0.00011379199713701382
42,2,transpose,corrupt50,adaptive,49,105,20.556349186104047,20.55634918610405,0.00013279099948704243
42,2,transpose,corrupt50,fixed_1_controlled,47,107,20.556349186104047,20.55634918610405,0.0001323750002484303
42,2,transpose,corrupt50,fixed_2_controlled,119,230,20.556349186104047,20.55634918610405,0.00048429200251121074
42,2,transpose,corrupt100,adaptive,49,106,20.556349186104047,20.55634918610405,0.00013424999997369014
42,2,transpose,corrupt100,fixed_1_controlled,54,111,20.556349186104047,20.55634918610405,0.00014937500236555934
42,2,transpose,corrupt100,fixed_2_controlled,61,116,20.556349186104047,20.55634918610405,0.00016574999972363003
51,0,transpose,clean,adaptive,33,111,34.48528137423857,34.48528137423857,0.00015216699830489233
51,0,transpose,clean,fixed_1_controlled,33,111,34.48528137423857,34.48528137423857,0.00013970899817650206
51,0,transpose,clean,fixed_2_controlled,33,111,34.48528137423857,34.48528137423857,0.00013808299991069362
51,0,transpose,corrupt50,adaptive,230,223,34.48528137423857,34.48528137423857,0.000654040999506833
51,0,transpose,corrupt50,fixed_1_controlled,100,170,36.14213562373095,34.48528137423857,0.0002415000017208513
51,0,transpose,corrupt50,fixed_2_controlled,51,134,36.14213562373095,34.48528137423857,0.00019104199964203872
51,0,transpose,corrupt100,adaptive,192,264,34.48528137423857,34.48528137423857,0.0004084169995621778
51,0,transpose,corrupt100,fixed_1_controlled,488,584,34.48528137423857,34.48528137423857,0.0010723330015025567
51,0,transpose,corrupt100,fixed_2_controlled,498,595,34.48528137423857,34.48528137423857,0.0013151249986549374
51,1,transpose,clean,adaptive,26,80,26.242640687119284,26.242640687119287,0.00011204100155737251
51,1,transpose,clean,fixed_1_controlled,26,79,26.242640687119284,26.242640687119287,0.00010208299863734283
51,1,transpose,clean,fixed_2_controlled,26,80,26.242640687119284,26.242640687119287,0.00010287500117556192
51,1,transpose,corrupt50,adaptive,26,80,26.242640687119284,26.242640687119287,8.970799899543636e-05
51,1,transpose,corrupt50,fixed_1_controlled,26,79,26.242640687119284,26.242640687119287,8.316599996760488e-05
51,1,transpose,corrupt50,fixed_2_controlled,26,80,26.242640687119284,26.242640687119287,8.774999878369272e-05
51,1,transpose,corrupt100,adaptive,27,78,26.242640687119284,26.242640687119287,7.499999992433004e-05
51,1,transpose,corrupt100,fixed_1_controlled,27,78,26.242640687119284,26.242640687119287,7.154199920478277e-05
51,1,transpose,corrupt100,fixed_2_controlled,27,78,26.242640687119284,26.242640687119287,7.13339977664873e-05
51,2,transpose,clean,adaptive,26,71,22.31370849898476,21.485281374238575,0.0001111249985115137
51,2,transpose,clean,fixed_1_controlled,27,72,22.31370849898476,21.485281374238575,0.00010641600238159299
51,2,transpose,clean,fixed_2_controlled,26,71,22.31370849898476,21.485281374238575,0.00010329100041417405
51,2,transpose,corrupt50,adaptive,110,163,21.48528137423857,21.485281374238575,0.0002706669984036125
51,2,transpose,corrupt50,fixed_1_controlled,299,382,21.48528137423857,21.485281374238575,0.000681875000736909
51,2,transpose,corrupt50,fixed_2_controlled,61,165,22.31370849898476,21.485281374238575,0.00024891700013540685
51,2,transpose,corrupt100,adaptive,110,163,21.48528137423857,21.485281374238575,0.00024491699878126383
51,2,transpose,corrupt100,fixed_1_controlled,286,368,21.48528137423857,21.485281374238575,0.0005566660001932178
51,2,transpose,corrupt100,fixed_2_controlled,380,474,21.48528137423857,21.485281374238575,0.0009550419999868609
54,0,transpose,clean,adaptive,419,308,53.97056274847714,53.970562748477114,0.0010615409992169589
54,0,transpose,clean,fixed_1_controlled,762,297,53.97056274847714,53.970562748477114,0.0015386250015581027
54,0,transpose,clean,fixed_2_controlled,624,306,53.97056274847714,53.970562748477114,0.0013707090001844335
54,0,transpose,corrupt50,adaptive,307,341,53.97056274847714,53.970562748477114,0.0006737080002494622
54,0,transpose,corrupt50,fixed_1_controlled,262,305,53.97056274847714,53.970562748477114,0.0005838750003022142
54,0,transpose,corrupt50,fixed_2_controlled,292,336,55.62741699796952,53.970562748477114,0.0007359580013144296
54,0,transpose,corrupt100,adaptive,412,341,53.97056274847714,53.970562748477114,0.00107137499799137
54,0,transpose,corrupt100,fixed_1_controlled,718,367,53.97056274847714,53.970562748477114,0.0017327079985989258
54,0,transpose,corrupt100,fixed_2_controlled,588,312,53.97056274847714,53.970562748477114,0.0014485419997072313
54,1,transpose,clean,adaptive,38,121,39.31370849898476,39.31370849898475,0.0001728329989418853
54,1,transpose,clean,fixed_1_controlled,57,134,39.31370849898476,39.31370849898475,0.00019387499924050644
54,1,transpose,clean,fixed_2_controlled,38,119,39.31370849898476,39.31370849898475,0.00015912500020931475
54,1,transpose,corrupt50,adaptive,174,236,39.31370849898476,39.31370849898475,0.00040370900023845024
54,1,transpose,corrupt50,fixed_1_controlled,488,514,39.31370849898476,39.31370849898475,0.0011897920012415852
54,1,transpose,corrupt50,fixed_2_controlled,358,505,45.112698372208094,39.31370849898475,0.0009295829986513127
54,1,transpose,corrupt100,adaptive,212,304,39.31370849898476,39.31370849898475,0.0005076669986010529
54,1,transpose,corrupt100,fixed_1_controlled,427,502,39.31370849898476,39.31370849898475,0.0011475000028440263
54,1,transpose,corrupt100,fixed_2_controlled,334,453,44.2842712474619,39.31370849898475,0.0008549170015612617
54,2,transpose,clean,adaptive,260,312,56.87005768508881,56.87005768508877,0.0006457919989770744
54,2,transpose,clean,fixed_1_controlled,242,304,56.87005768508881,56.87005768508877,0.0005834169969602954
54,2,transpose,clean,fixed_2_controlled,250,301,56.87005768508881,56.87005768508877,0.0006057089995010756
54,2,transpose,corrupt50,adaptive,277,328,56.87005768508881,56.87005768508877,0.0005529590016521979
54,2,transpose,corrupt50,fixed_1_controlled,257,310,56.87005768508881,56.87005768508877,0.0004996669995307457
54,2,transpose,corrupt50,fixed_2_controlled,255,308,56.87005768508881,56.87005768508877,0.0004992920003132895
54,2,transpose,corrupt100,adaptive,277,328,56.87005768508881,56.87005768508877,0.0005844170009368099
54,2,transpose,corrupt100,fixed_1_controlled,260,309,56.87005768508881,56.87005768508877,0.0005387080018408597
54,2,transpose,corrupt100,fixed_2_controlled,261,309,56.87005768508881,56.87005768508877,0.0005207909998716787
55,0,transpose,clean,adaptive,23,84,25.31370849898476,25.313708498984766,0.00013666700033354573
55,0,transpose,clean,fixed_1_controlled,23,84,25.31370849898476,25.313708498984766,0.00010654099969542585
55,0,transpose,clean,fixed_2_controlled,23,84,25.31370849898476,25.313708498984766,0.00010512500011827797
55,0,transpose,corrupt50,adaptive,26,92,25.31370849898476,25.313708498984766,0.00011387500126147643
55,0,transpose,corrupt50,fixed_1_controlled,28,92,25.31370849898476,25.313708498984766,0.00011445899872342125
55,0,transpose,corrupt50,fixed_2_controlled,26,92,25.31370849898476,25.313708498984766,0.00010579199806670658
55,0,transpose,corrupt100,adaptive,138,198,25.31370849898476,25.313708498984766,0.00033600000097067095
55,0,transpose,corrupt100,fixed_1_controlled,554,621,25.31370849898476,25.313708498984766,0.0011078339994128328
55,0,transpose,corrupt100,fixed_2_controlled,725,796,25.31370849898476,25.313708498984766,0.001500292000855552
55,1,transpose,clean,adaptive,39,152,45.87005768508881,45.87005768508879,0.00021004200243623927
55,1,transpose,clean,fixed_1_controlled,39,152,45.87005768508881,45.87005768508879,0.00020362500072224066
55,1,transpose,clean,fixed_2_controlled,39,152,45.87005768508881,45.87005768508879,0.00020058300287928432
55,1,transpose,corrupt50,adaptive,39,152,45.87005768508881,45.87005768508879,0.00019704199803527445
55,1,transpose,corrupt50,fixed_1_controlled,39,152,45.87005768508881,45.87005768508879,0.00019179199807695113
55,1,transpose,corrupt50,fixed_2_controlled,39,152,45.87005768508881,45.87005768508879,0.00018979200103785843
55,1,transpose,corrupt100,adaptive,66,227,49.384776310850235,45.87005768508879,0.00033975000042119063
55,1,transpose,corrupt100,fixed_1_controlled,1086,1136,45.87005768508881,45.87005768508879,0.0024168749987438787
55,1,transpose,corrupt100,fixed_2_controlled,64,223,49.384776310850235,45.87005768508879,0.0002943340005003847
55,2,transpose,clean,adaptive,1051,978,58.384776310850235,58.38477631085024,0.0023342919994320255
55,2,transpose,clean,fixed_1_controlled,1208,555,59.798989873223334,58.38477631085024,0.0030372080000233836
55,2,transpose,clean,fixed_2_controlled,735,386,60.62741699796952,58.38477631085024,0.0016880000002856832
55,2,transpose,corrupt50,adaptive,3764,661,58.97056274847714,58.38477631085024,0.008057540999288904
55,2,transpose,corrupt50,fixed_1_controlled,1101,655,58.97056274847714,58.38477631085024,0.0025036669976543635
55,2,transpose,corrupt50,fixed_2_controlled,4179,661,58.97056274847714,58.38477631085024,0.008852416998706758
55,2,transpose,corrupt100,adaptive,1259,577,58.97056274847714,58.38477631085024,0.0031752499999129213
55,2,transpose,corrupt100,fixed_1_controlled,801,577,58.97056274847714,58.38477631085024,0.0018437079997966066
55,2,transpose,corrupt100,fixed_2_controlled,1282,577,58.97056274847714,58.38477631085024,0.002799792000587331
60,0,transpose,clean,adaptive,42,149,45.384776310850235,44.79898987322332,0.00020516700169537216
60,0,transpose,clean,fixed_1_controlled,45,152,45.384776310850235,44.79898987322332,0.00019404200065764599
60,0,transpose,clean,fixed_2_controlled,42,149,45.384776310850235,44.79898987322332,0.00018354200074099936
60,0,transpose,corrupt50,adaptive,43,158,44.798989873223334,44.79898987322332,0.00020204199972795323
60,0,transpose,corrupt50,fixed_1_controlled,46,155,44.798989873223334,44.79898987322332,0.00019304200031911023
60,0,transpose,corrupt50,fixed_2_controlled,43,158,44.798989873223334,44.79898987322332,0.0001925409997056704
60,0,transpose,corrupt100,adaptive,479,409,44.798989873223334,44.79898987322332,0.0011505830007081386
60,0,transpose,corrupt100,fixed_1_controlled,166,231,44.798989873223334,44.79898987322332,0.00042670800030464306
60,0,transpose,corrupt100,fixed_2_controlled,157,225,47.2842712474619,44.79898987322332,0.0004244999981892761
60,1,transpose,clean,adaptive,284,320,53.55634918610404,53.556349186104015,0.0007337080023717135
60,1,transpose,clean,fixed_1_controlled,252,299,53.55634918610404,53.556349186104015,0.0006588750002265442
60,1,transpose,clean,fixed_2_controlled,298,334,53.55634918610404,53.556349186104015,0.0007584580016555265
60,1,transpose,corrupt50,adaptive,652,735,53.55634918610404,53.556349186104015,0.001384916999086272
60,1,transpose,corrupt50,fixed_1_controlled,614,715,53.55634918610404,53.556349186104015,0.0013713330008613411
60,1,transpose,corrupt50,fixed_2_controlled,569,695,54.384776310850235,53.556349186104015,0.0013854999997420236
60,1,transpose,corrupt100,adaptive,644,735,53.55634918610404,53.556349186104015,0.0014025840027898084
60,1,transpose,corrupt100,fixed_1_controlled,683,755,53.55634918610404,53.556349186104015,0.0014144999986456241
60,1,transpose,corrupt100,fixed_2_controlled,739,894,54.384776310850235,53.556349186104015,0.0017349170011584647
60,2,transpose,clean,adaptive,214,273,26.970562748477143,26.970562748477146,0.0005870000022696331
60,2,transpose,clean,fixed_1_controlled,123,179,26.970562748477143,26.970562748477146,0.0003680000008898787
60,2,transpose,clean,fixed_2_controlled,112,142,26.970562748477143,26.970562748477146,0.00032420799834653735
60,2,transpose,corrupt50,adaptive,258,345,26.970562748477143,26.970562748477146,0.0006122920021880418
60,2,transpose,corrupt50,fixed_1_controlled,277,355,27.556349186104047,26.970562748477146,0.0007598330012115184
60,2,transpose,corrupt50,fixed_2_controlled,234,270,28.14213562373095,26.970562748477146,0.0006622079999942798
60,2,transpose,corrupt100,adaptive,252,338,26.970562748477143,26.970562748477146,0.0005967079996480606
60,2,transpose,corrupt100,fixed_1_controlled,451,535,26.970562748477143,26.970562748477146,0.001130707998527214
60,2,transpose,corrupt100,fixed_2_controlled,190,241,28.627416997969522,26.970562748477146,0.000634667001577327
63,0,transpose,clean,adaptive,789,865,62.84062043356595,62.840620433565924,0.0017936249969352502
63,0,transpose,clean,fixed_1_controlled,675,655,62.84062043356595,62.840620433565924,0.0016164170010597445
63,0,transpose,clean,fixed_2_controlled,1109,578,62.84062043356595,62.840620433565924,0.0027921250002691522
63,0,transpose,corrupt50,adaptive,1018,1065,62.84062043356595,62.840620433565924,0.0023231250015669502
63,0,transpose,corrupt50,fixed_1_controlled,560,677,62.84062043356595,62.840620433565924,0.0013572079988080077
63,0,transpose,corrupt50,fixed_2_controlled,1213,665,62.84062043356595,62.840620433565924,0.0032457919987791684
63,0,transpose,corrupt100,adaptive,728,847,62.84062043356595,62.840620433565924,0.0017095420007535722
63,0,transpose,corrupt100,fixed_1_controlled,633,760,62.84062043356595,62.840620433565924,0.0014110839983914047
63,0,transpose,corrupt100,fixed_2_controlled,985,743,62.84062043356595,62.840620433565924,0.0022802909988968167
63,1,transpose,clean,adaptive,806,792,49.31370849898476,49.31370849898475,0.001992542001971742
63,1,transpose,clean,fixed_1_controlled,795,440,50.14213562373095,49.31370849898475,0.001992708999750903
63,1,transpose,clean,fixed_2_controlled,516,330,49.31370849898476,49.31370849898475,0.001251041998330038
63,1,transpose,corrupt50,adaptive,1192,535,49.31370849898476,49.31370849898475,0.0028849579975940287
63,1,transpose,corrupt50,fixed_1_controlled,952,540,49.31370849898476,49.31370849898475,0.002563124999142019
63,1,transpose,corrupt50,fixed_2_controlled,1096,535,49.31370849898476,49.31370849898475,0.0026982080016750842
63,1,transpose,corrupt100,adaptive,1122,531,49.31370849898476,49.31370849898475,0.002668625002115732
63,1,transpose,corrupt100,fixed_1_controlled,1011,520,49.31370849898476,49.31370849898475,0.0024644580007588957
63,1,transpose,corrupt100,fixed_2_controlled,1108,520,49.31370849898476,49.31370849898475,0.002634958000271581
63,2,transpose,clean,adaptive,281,305,27.31370849898476,27.313708498984766,0.0007892920002632309
63,2,transpose,clean,fixed_1_controlled,119,169,27.31370849898476,27.313708498984766,0.0004030839991173707
63,2,transpose,clean,fixed_2_controlled,135,149,27.31370849898476,27.313708498984766,0.0004150419990764931
63,2,transpose,corrupt50,adaptive,335,319,27.31370849898476,27.313708498984766,0.0009467090021644253
63,2,transpose,corrupt50,fixed_1_controlled,424,298,27.31370849898476,27.313708498984766,0.0012695830009761266
63,2,transpose,corrupt50,fixed_2_controlled,488,355,29.79898987322333,27.313708498984766,0.001311749998421874
63,2,transpose,corrupt100,adaptive,307,319,27.31370849898476,27.313708498984766,0.0007799590021022595
63,2,transpose,corrupt100,fixed_1_controlled,229,249,30.627416997969522,27.313708498984766,0.0006209580024005845
63,2,transpose,corrupt100,fixed_2_controlled,252,312,32.2842712474619,27.313708498984766,0.0007744579997961409
65,0,transpose,clean,adaptive,259,324,69.79898987322333,69.7989898732233,0.0005988330012769438
65,0,transpose,clean,fixed_1_controlled,262,326,69.79898987322333,69.7989898732233,0.0005797500016342383
65,0,transpose,clean,fixed_2_controlled,259,324,69.79898987322333,69.7989898732233,0.0006360830011544749
65,0,transpose,corrupt50,adaptive,706,791,69.79898987322333,69.7989898732233,0.001520500001788605
65,0,transpose,corrupt50,fixed_1_controlled,313,379,71.45584412271572,69.7989898732233,0.0008537920002709143
65,0,transpose,corrupt50,fixed_2_controlled,283,367,73.11269837220809,69.7989898732233,0.0007715000028838404
65,0,transpose,corrupt100,adaptive,729,791,69.79898987322333,69.7989898732233,0.0014364999988174532
65,0,transpose,corrupt100,fixed_1_controlled,849,586,69.79898987322333,69.7989898732233,0.0019448749990260694
65,0,transpose,corrupt100,fixed_2_controlled,336,393,69.79898987322333,69.7989898732233,0.0008382089981751051
65,1,transpose,clean,adaptive,47,116,27.79898987322333,27.798989873223338,0.00016870800027390942
65,1,transpose,clean,fixed_1_controlled,42,122,27.79898987322333,27.798989873223338,0.00016645900177536532
65,1,transpose,clean,fixed_2_controlled,47,116,27.79898987322333,27.798989873223338,0.00015941699894028716
65,1,transpose,corrupt50,adaptive,37,115,27.79898987322333,27.798989873223338,0.00011612500020419247
65,1,transpose,corrupt50,fixed_1_controlled,43,119,27.79898987322333,27.798989873223338,0.00012608299948624335
65,1,transpose,corrupt50,fixed_2_controlled,64,175,28.627416997969522,27.798989873223338,0.00018733300021267496
65,1,transpose,corrupt100,adaptive,169,227,27.79898987322333,27.798989873223338,0.00041862500074785203
65,1,transpose,corrupt100,fixed_1_controlled,57,140,27.79898987322333,27.798989873223338,0.0001797500008251518
65,1,transpose,corrupt100,fixed_2_controlled,62,155,29.455844122715714,27.798989873223338,0.00022345799879985861
65,2,transpose,clean,adaptive,23,68,24.071067811865476,24.07106781186548,8.512500062352046e-05
65,2,transpose,clean,fixed_1_controlled,23,68,24.071067811865476,24.07106781186548,7.912500223028474e-05
65,2,transpose,clean,fixed_2_controlled,23,68,24.071067811865476,24.07106781186548,7.708399789407849e-05
65,2,transpose,corrupt50,adaptive,78,120,24.071067811865476,24.07106781186548,0.00017383299928042106
65,2,transpose,corrupt50,fixed_1_controlled,242,285,24.071067811865476,24.07106781186548,0.0004469169980438892
65,2,transpose,corrupt50,fixed_2_controlled,412,501,24.071067811865476,24.07106781186548,0.0010136249984498136
65,2,transpose,corrupt100,adaptive,51,101,24.071067811865476,24.07106781186548,0.0001386660005664453
65,2,transpose,corrupt100,fixed_1_controlled,63,118,24.071067811865476,24.07106781186548,0.00015587499729008414
65,2,transpose,corrupt100,fixed_2_controlled,125,295,24.071067811865476,24.07106781186548,0.0005032919980294537
66,0,transpose,clean,adaptive,30,112,31.041630560342618,31.041630560342625,0.00027033299920731224
66,0,transpose,clean,fixed_1_controlled,30,109,31.041630560342618,31.041630560342625,0.0018701660010265186
66,0,transpose,clean,fixed_2_controlled,30,112,31.041630560342618,31.041630560342625,0.0002741249991231598
66,0,transpose,corrupt50,adaptive,269,352,31.041630560342618,31.041630560342625,0.0008215829984692391
66,0,transpose,corrupt50,fixed_1_controlled,860,992,31.041630560342618,31.041630560342625,0.00220650000119349
66,0,transpose,corrupt50,fixed_2_controlled,104,254,31.041630560342618,31.041630560342625,0.00040816699765855446
66,0,transpose,corrupt100,adaptive,273,358,31.041630560342618,31.041630560342625,0.0007215830009954516
66,0,transpose,corrupt100,fixed_1_controlled,680,781,31.041630560342618,31.041630560342625,0.0016612910003459547
66,0,transpose,corrupt100,fixed_2_controlled,127,269,31.041630560342618,31.041630560342625,0.000397083000279963
66,1,transpose,clean,adaptive,32,114,35.14213562373095,35.14213562373095,0.0004580409986374434
66,1,transpose,clean,fixed_1_controlled,32,114,35.14213562373095,35.14213562373095,0.00021824999930686317
66,1,transpose,clean,fixed_2_controlled,32,114,35.14213562373095,35.14213562373095,0.00016295800014631823
66,1,transpose,corrupt50,adaptive,43,150,35.14213562373095,35.14213562373095,0.00023824999880162068
66,1,transpose,corrupt50,fixed_1_controlled,214,279,35.14213562373095,35.14213562373095,0.0006337919985526241
66,1,transpose,corrupt50,fixed_2_controlled,40,147,37.97056274847714,35.14213562373095,0.00020545900042634457
66,1,transpose,corrupt100,adaptive,57,184,40.45584412271571,35.14213562373095,0.0002545829993323423
66,1,transpose,corrupt100,fixed_1_controlled,115,232,37.62741699796952,35.14213562373095,0.000384540999220917
66,1,transpose,corrupt100,fixed_2_controlled,46,196,46.01219330881976,35.14213562373095,0.0002548750017012935
66,2,transpose,clean,adaptive,43,155,48.21320343559643,48.21320343559641,0.00023858399799792096
66,2,transpose,clean,fixed_1_controlled,45,155,48.798989873223334,48.21320343559641,0.0002207910001743585
66,2,transpose,clean,fixed_2_controlled,43,155,48.21320343559643,48.21320343559641,0.00019674999930430204
66,2,transpose,corrupt50,adaptive,46,180,52.35533905932738,48.21320343559641,0.0002613750002637971
66,2,transpose,corrupt50,fixed_1_controlled,51,180,48.798989873223334,48.21320343559641,0.0002491669984010514
66,2,transpose,corrupt50,fixed_2_controlled,46,180,52.35533905932738,48.21320343559641,0.00024174999998649582
66,2,transpose,corrupt100,adaptive,293,432,54.01219330881976,48.21320343559641,0.0007814999989932403
66,2,transpose,corrupt100,fixed_1_controlled,45,179,52.35533905932738,48.21320343559641,0.0002907089983636979
66,2,transpose,corrupt100,fixed_2_controlled,46,183,54.01219330881976,48.21320343559641,0.00028279199977987446
70,0,transpose,clean,adaptive,617,677,46.04163056034262,46.0416305603426,0.0015738750007585622
70,0,transpose,clean,fixed_1_controlled,610,587,46.04163056034262,46.0416305603426,0.0017185829965455923
70,0,transpose,clean,fixed_2_controlled,794,612,46.04163056034262,46.0416305603426,0.002248332999442937
70,0,transpose,corrupt50,adaptive,680,712,46.04163056034262,46.0416305603426,0.0018351250000705477
70,0,transpose,corrupt50,fixed_1_controlled,1076,688,46.04163056034262,46.0416305603426,0.0027142090002598707
70,0,transpose,corrupt50,fixed_2_controlled,1006,647,50.04163056034262,46.0416305603426,0.002539749999414198
70,0,transpose,corrupt100,adaptive,682,712,46.04163056034262,46.0416305603426,0.001711916000203928
70,0,transpose,corrupt100,fixed_1_controlled,836,767,46.04163056034262,46.0416305603426,0.00212820800152258
70,0,transpose,corrupt100,fixed_2_controlled,824,571,53.112698372208094,46.0416305603426,0.002170957999624079
70,1,transpose,clean,adaptive,26,73,27.899494936611667,27.89949493661167,9.091700121643953e-05
70,1,transpose,clean,fixed_1_controlled,26,73,27.899494936611667,27.89949493661167,8.262499977718107e-05
70,1,transpose,clean,fixed_2_controlled,26,73,27.899494936611667,27.89949493661167,8.858300134306774e-05
70,1,transpose,corrupt50,adaptive,38,95,29.071067811865476,27.89949493661167,0.00014691699834656902
70,1,transpose,corrupt50,fixed_1_controlled,38,89,27.899494936611667,27.89949493661167,9.866600157693028e-05
70,1,transpose,corrupt50,fixed_2_controlled,35,93,29.071067811865476,27.89949493661167,0.00017875000048661605
70,1,transpose,corrupt100,adaptive,127,202,27.899494936611667,27.89949493661167,0.0003183330009051133
70,1,transpose,corrupt100,fixed_1_controlled,68,125,27.899494936611667,27.89949493661167,0.00016258399773505516
70,1,transpose,corrupt100,fixed_2_controlled,64,166,29.071067811865476,27.89949493661167,0.0002334159980819095
70,2,transpose,clean,adaptive,212,262,31.556349186104047,31.556349186104054,0.0005455409991554916
70,2,transpose,clean,fixed_1_controlled,136,175,31.556349186104047,31.556349186104054,0.0003758749990083743
70,2,transpose,clean,fixed_2_controlled,123,142,31.556349186104047,31.556349186104054,0.00031179200232145377
70,2,transpose,corrupt50,adaptive,248,302,31.556349186104047,31.556349186104054,0.0005060420007794164
70,2,transpose,corrupt50,fixed_1_controlled,508,615,31.556349186104047,31.556349186104054,0.001058333000401035
70,2,transpose,corrupt50,fixed_2_controlled,296,398,32.14213562373095,31.556349186104054,0.0007356669993896503
70,2,transpose,corrupt100,adaptive,318,302,31.556349186104047,31.556349186104054,0.0007399999994959217
70,2,transpose,corrupt100,fixed_1_controlled,234,207,31.556349186104047,31.556349186104054,0.0006134579998615663
70,2,transpose,corrupt100,fixed_2_controlled,261,178,31.556349186104047,31.556349186104054,0.0007533749994763639
73,0,transpose,clean,adaptive,68,88,19.727922061357855,19.727922061357862,0.00019574999896576628
73,0,transpose,clean,fixed_1_controlled,62,88,19.727922061357855,19.727922061357862,0.00017187499906867743
73,0,transpose,clean,fixed_2_controlled,68,88,19.727922061357855,19.727922061357862,0.00017912499970407225
73,0,transpose,corrupt50,adaptive,121,171,19.727922061357855,19.727922061357862,0.00027520799994817935
73,0,transpose,corrupt50,fixed_1_controlled,324,394,19.727922061357855,19.727922061357862,0.0006626670001423918
73,0,transpose,corrupt50,fixed_2_controlled,113,184,19.727922061357855,19.727922061357862,0.0003146250019199215
73,0,transpose,corrupt100,adaptive,121,171,19.727922061357855,19.727922061357862,0.0002879999992728699
73,0,transpose,corrupt100,fixed_1_controlled,283,355,19.727922061357855,19.727922061357862,0.0006430419998650905
73,0,transpose,corrupt100,fixed_2_controlled,336,424,19.727922061357855,19.727922061357862,0.0008056249971559737
73,1,transpose,clean,adaptive,172,256,70.698484809835,70.69848480983494,0.0004207500023767352
73,1,transpose,clean,fixed_1_controlled,178,256,70.698484809835,70.69848480983494,0.0004371249997348059
73,1,transpose,clean,fixed_2_controlled,242,255,70.698484809835,70.69848480983494,0.0005693329985660966
73,1,transpose,corrupt50,adaptive,307,379,70.698484809835,70.69848480983494,0.0007990000012796372
73,1,transpose,corrupt50,fixed_1_controlled,189,280,72.35533905932738,70.69848480983494,0.00044166700172354467
73,1,transpose,corrupt50,fixed_2_controlled,188,284,73.18376618407356,70.69848480983494,0.0004025000016554259
73,1,transpose,corrupt100,adaptive,366,452,70.698484809835,70.69848480983494,0.0009040829972946085
73,1,transpose,corrupt100,fixed_1_controlled,650,652,70.698484809835,70.69848480983494,0.0014627079981437419
73,1,transpose,corrupt100,fixed_2_controlled,324,369,72.35533905932738,70.69848480983494,0.0008122500003082678
73,2,transpose,clean,adaptive,184,288,73.11269837220809,73.11269837220804,0.00041566700019757263
73,2,transpose,clean,fixed_1_controlled,184,296,73.11269837220809,73.11269837220804,0.00041558399971108884
73,2,transpose,clean,fixed_2_controlled,206,287,73.11269837220809,73.11269837220804,0.0004607090013450943
73,2,transpose,corrupt50,adaptive,365,499,73.11269837220809,73.11269837220804,0.0008385410001210403
73,2,transpose,corrupt50,fixed_1_controlled,276,432,73.11269837220809,73.11269837220804,0.0006557919987244532
73,2,transpose,corrupt50,fixed_2_controlled,304,451,73.11269837220809,73.11269837220804,0.0007199169995146804
73,2,transpose,corrupt100,adaptive,222,306,73.11269837220809,73.11269837220804,0.0004653329997381661
73,2,transpose,corrupt100,fixed_1_controlled,217,343,75.59797974644667,73.11269837220804,0.0004627499984053429
73,2,transpose,corrupt100,fixed_2_controlled,238,346,78.18376618407356,73.11269837220804,0.0005624999976134859
90,0,transpose,clean,adaptive,41,93,28.79898987322333,28.798989873223338,0.00015412500215461478
90,0,transpose,clean,fixed_1_controlled,34,92,28.79898987322333,28.798989873223338,0.00012737499855575152
90,0,transpose,clean,fixed_2_controlled,41,93,28.79898987322333,28.798989873223338,0.00013462499919114634
90,0,transpose,corrupt50,adaptive,344,396,28.79898987322333,28.798989873223338,0.0008998340017569717
90,0,transpose,corrupt50,fixed_1_controlled,197,295,28.79898987322333,28.798989873223338,0.0005939580005360767
90,0,transpose,corrupt50,fixed_2_controlled,117,234,28.79898987322333,28.798989873223338,0.00041054100074688904
90,0,transpose,corrupt100,adaptive,394,416,28.79898987322333,28.798989873223338,0.0010582499999145512
90,0,transpose,corrupt100,fixed_1_controlled,169,220,35.48528137423857,28.798989873223338,0.0004445830018084962
90,0,transpose,corrupt100,fixed_2_controlled,196,243,38.798989873223334,28.798989873223338,0.0006362919993989635
90,1,transpose,clean,adaptive,14,57,16.31370849898476,16.313708498984763,8.125000022118911e-05
90,1,transpose,clean,fixed_1_controlled,15,57,16.31370849898476,16.313708498984763,7.529199865530245e-05
90,1,transpose,clean,fixed_2_controlled,14,57,16.31370849898476,16.313708498984763,7.270899732247926e-05
90,1,transpose,corrupt50,adaptive,45,92,16.31370849898476,16.313708498984763,0.00013495900202542543
90,1,transpose,corrupt50,fixed_1_controlled,57,99,16.31370849898476,16.313708498984763,0.00015404199803015217
90,1,transpose,corrupt50,fixed_2_controlled,84,149,16.31370849898476,16.313708498984763,0.00024987500000861473
90,1,transpose,corrupt100,adaptive,69,125,16.31370849898476,16.313708498984763,0.00018620799892232753
90,1,transpose,corrupt100,fixed_1_controlled,80,139,16.31370849898476,16.313708498984763,0.0002009169984376058
90,1,transpose,corrupt100,fixed_2_controlled,62,141,17.14213562373095,16.313708498984763,0.00020108399985474534
90,2,transpose,clean,adaptive,68,113,27.556349186104047,27.556349186104054,0.0001957079985004384
90,2,transpose,clean,fixed_1_controlled,77,113,27.556349186104047,27.556349186104054,0.00021050000214017928
90,2,transpose,clean,fixed_2_controlled,68,113,27.556349186104047,27.556349186104054,0.00018650000129127875
90,2,transpose,corrupt50,adaptive,221,291,27.556349186104047,27.556349186104054,0.0005334589986887295
90,2,transpose,corrupt50,fixed_1_controlled,290,351,27.556349186104047,27.556349186104054,0.0007070839965308551
90,2,transpose,corrupt50,fixed_2_controlled,87,181,27.556349186104047,27.556349186104054,0.00028141599977971055
90,2,transpose,corrupt100,adaptive,221,283,27.556349186104047,27.556349186104054,0.0005445000024337787
90,2,transpose,corrupt100,fixed_1_controlled,170,242,27.556349186104047,27.556349186104054,0.0004421250014274847
90,2,transpose,corrupt100,fixed_2_controlled,165,253,27.556349186104047,27.556349186104054,0.0005291249981382862
94,0,transpose,clean,adaptive,32,104,32.242640687119284,32.242640687119284,0.00014845799887552857
94,0,transpose,clean,fixed_1_controlled,32,104,32.242640687119284,32.242640687119284,0.0001367920012853574
94,0,transpose,clean,fixed_2_controlled,32,104,32.242640687119284,32.242640687119284,0.00013429099999484606
94,0,transpose,corrupt50,adaptive,152,205,32.242640687119284,32.242640687119284,0.0003833330010820646
94,0,transpose,corrupt50,fixed_1_controlled,274,290,32.242640687119284,32.242640687119284,0.0005599590003839694
94,0,transpose,corrupt50,fixed_2_controlled,305,333,32.242640687119284,32.242640687119284,0.0006557500018971041
94,0,transpose,corrupt100,adaptive,52,117,35.55634918610404,32.242640687119284,0.00015875000099185854
94,0,transpose,corrupt100,fixed_1_controlled,49,122,36.384776310850235,32.242640687119284,0.00013045900050201453
94,0,transpose,corrupt100,fixed_2_controlled,67,182,37.21320343559643,32.242640687119284,0.00043633399764075875
94,1,transpose,clean,adaptive,70,134,33.14213562373095,31.485281374238575,0.0002874169986171182
94,1,transpose,clean,fixed_1_controlled,55,135,33.14213562373095,31.485281374238575,0.0001861669989011716
94,1,transpose,clean,fixed_2_controlled,70,134,33.14213562373095,31.485281374238575,0.00022337500195135362
94,1,transpose,corrupt50,adaptive,185,209,35.62741699796952,31.485281374238575,0.0005222910003794823
94,1,transpose,corrupt50,fixed_1_controlled,153,225,35.62741699796952,31.485281374238575,0.00042374999975436367
94,1,transpose,corrupt50,fixed_2_controlled,182,204,35.62741699796952,31.485281374238575,0.0005028330015193205
94,1,transpose,corrupt100,adaptive,241,278,31.48528137423857,31.485281374238575,0.000575916998059256
94,1,transpose,corrupt100,fixed_1_controlled,451,515,31.48528137423857,31.485281374238575,0.0009477910025452729
94,1,transpose,corrupt100,fixed_2_controlled,370,386,33.97056274847714,31.485281374238575,0.0009873329981928691
94,2,transpose,clean,adaptive,31,124,37.45584412271571,37.45584412271571,0.0003199159982614219
94,2,transpose,clean,fixed_1_controlled,31,124,37.45584412271571,37.45584412271571,0.00018945800184155814
94,2,transpose,clean,fixed_2_controlled,31,124,37.45584412271571,37.45584412271571,0.00015854199955356307
94,2,transpose,corrupt50,adaptive,49,167,37.45584412271571,37.45584412271571,0.00019879200044670142
94,2,transpose,corrupt50,fixed_1_controlled,48,165,37.45584412271571,37.45584412271571,0.00018199999976786785
94,2,transpose,corrupt50,fixed_2_controlled,61,193,37.45584412271571,37.45584412271571,0.00023637500271433964
94,2,transpose,corrupt100,adaptive,164,313,46.48528137423857,37.45584412271571,0.0005772089971287642
94,2,transpose,corrupt100,fixed_1_controlled,165,308,38.2842712474619,37.45584412271571,0.0005970410020381678
94,2,transpose,corrupt100,fixed_2_controlled,62,184,46.48528137423857,37.45584412271571,0.0002932499992311932
1,0,scale2,clean,adaptive,104,333,104.66904755831214,104.6690475583121,0.0005421249989012722
1,0,scale2,clean,fixed_1_controlled,102,333,104.66904755831214,104.6690475583121,0.0005508329995791428
1,0,scale2,clean,fixed_2_controlled,104,333,104.66904755831214,104.6690475583121,0.0005187080023461021
1,0,scale2,corrupt50,adaptive,2412,2590,104.66904755831214,104.6690475583121,0.005810416001622798
1,0,scale2,corrupt50,fixed_1_controlled,4990,4092,104.66904755831214,104.6690475583121,0.012970042000233661
1,0,scale2,corrupt50,fixed_2_controlled,1073,807,106.32590180780453,104.6690475583121,0.0029437080011120997
1,0,scale2,corrupt100,adaptive,2546,2590,104.66904755831214,104.6690475583121,0.006333375000394881
1,0,scale2,corrupt100,fixed_1_controlled,754,843,111.49747468305833,104.6690475583121,0.002203667001595022
1,0,scale2,corrupt100,fixed_2_controlled,280,527,114.08326112068524,104.6690475583121,0.0009894579998217523
1,1,scale2,clean,adaptive,1049,1174,106.08326112068524,104.66904755831209,0.002975458999571856
1,1,scale2,clean,fixed_1_controlled,912,708,106.32590180780453,104.66904755831209,0.002468833998136688
1,1,scale2,clean,fixed_2_controlled,2303,631,106.08326112068524,104.66904755831209,0.005909584000619361
1,1,scale2,corrupt50,adaptive,2234,2435,104.66904755831214,104.66904755831209,0.005243042000074638
1,1,scale2,corrupt50,fixed_1_controlled,5459,4446,104.66904755831214,104.66904755831209,0.013114083998516435
1,1,scale2,corrupt50,fixed_2_controlled,2841,1280,108.8111831820431,104.66904755831209,0.006903000001329929
1,1,scale2,corrupt100,adaptive,2442,2544,104.66904755831214,104.66904755831209,0.006694332998449681
1,1,scale2,corrupt100,fixed_1_controlled,2209,1626,106.32590180780453,104.66904755831209,0.00632933299857541
1,1,scale2,corrupt100,fixed_2_controlled,1589,1179,110.46803743153548,104.66904755831209,0.004609125000570202
1,2,scale2,clean,adaptive,3179,3376,107.49747468305833,107.49747468305824,0.007668666999961715
1,2,scale2,clean,fixed_1_controlled,1368,785,108.32590180780453,107.49747468305824,0.0036550829972838983
1,2,scale2,clean,fixed_2_controlled,1936,761,107.49747468305833,107.49747468305824,0.0046584160008933395
1,2,scale2,corrupt50,adaptive,3449,3659,107.49747468305833,107.49747468305824,0.008713249997526873
1,2,scale2,corrupt50,fixed_1_controlled,2914,1062,107.49747468305833,107.49747468305824,0.006577083997399313
1,2,scale2,corrupt50,fixed_2_controlled,2347,953,107.49747468305833,107.49747468305824,0.005462291002913844
1,2,scale2,corrupt100,adaptive,3547,3636,107.49747468305833,107.49747468305824,0.009495582999079488
1,2,scale2,corrupt100,fixed_1_controlled,2771,1295,112.46803743153548,107.49747468305824,0.008258416997705353
1,2,scale2,corrupt100,fixed_2_controlled,2646,1043,116.61017305526643,107.49747468305824,0.007234917000459973
2,0,scale2,clean,adaptive,33,122,36.14213562373095,36.14213562373095,0.00019158299983246252
2,0,scale2,clean,fixed_1_controlled,33,122,36.14213562373095,36.14213562373095,0.00015108399747987278
2,0,scale2,clean,fixed_2_controlled,33,122,36.14213562373095,36.14213562373095,0.00017275000209338032
2,0,scale2,corrupt50,adaptive,289,363,36.14213562373095,36.14213562373095,0.0007938749986351468
2,0,scale2,corrupt50,fixed_1_controlled,566,558,36.14213562373095,36.14213562373095,0.001293209003051743
2,0,scale2,corrupt50,fixed_2_controlled,91,262,37.798989873223334,36.14213562373095,0.0003662919989437796
2,0,scale2,corrupt100,adaptive,285,368,36.14213562373095,36.14213562373095,0.0007092919986462221
2,0,scale2,corrupt100,fixed_1_controlled,564,666,36.14213562373095,36.14213562373095,0.0013675830014108215
2,0,scale2,corrupt100,fixed_2_controlled,572,884,39.21320343559643,36.14213562373095,0.0017610409995540977
2,1,scale2,clean,adaptive,1344,1482,63.55634918610404,63.556349186104015,0.003028208997420734
2,1,scale2,clean,fixed_1_controlled,299,363,63.55634918610404,63.556349186104015,0.0008738329997868277
2,1,scale2,clean,fixed_2_controlled,377,359,63.55634918610404,63.556349186104015,0.0010274170017510187
2,1,scale2,corrupt50,adaptive,1416,1540,63.55634918610404,63.556349186104015,0.004152500001509907
2,1,scale2,corrupt50,fixed_1_controlled,4233,2217,63.55634918610404,63.556349186104015,0.011996708999504335
2,1,scale2,corrupt50,fixed_2_controlled,423,541,69.35533905932738,63.556349186104015,0.0014797090007050429
2,1,scale2,corrupt100,adaptive,1539,1540,63.55634918610404,63.556349186104015,0.003505542001221329
2,1,scale2,corrupt100,fixed_1_controlled,1131,638,66.04163056034261,63.556349186104015,0.0028621249985008035
2,1,scale2,corrupt100,fixed_2_controlled,891,819,70.18376618407356,63.556349186104015,0.0024833330026012845
2,2,scale2,clean,adaptive,245,326,31.79898987322333,31.798989873223338,0.000610875002166722
2,2,scale2,clean,fixed_1_controlled,177,259,31.79898987322333,31.798989873223338,0.0004911659998469986
2,2,scale2,clean,fixed_2_controlled,179,232,31.79898987322333,31.798989873223338,0.000527832999068778
2,2,scale2,corrupt50,adaptive,329,407,31.79898987322333,31.798989873223338,0.0008646249989396892
2,2,scale2,corrupt50,fixed_1_controlled,1003,1108,31.79898987322333,31.798989873223338,0.0021051660005468875
2,2,scale2,corrupt50,fixed_2_controlled,292,410,31.79898987322333,31.798989873223338,0.0007716250001976732
2,2,scale2,corrupt100,adaptive,330,407,31.79898987322333,31.798989873223338,0.0007477090002794284
2,2,scale2,corrupt100,fixed_1_controlled,1180,1310,31.79898987322333,31.798989873223338,0.0023715419993095566
2,2,scale2,corrupt100,fixed_2_controlled,2529,2787,31.79898987322333,31.798989873223338,0.006840459001978161
8,0,scale2,clean,adaptive,1967,684,70.76955262170047,70.76955262170041,0.004512540999712655
8,0,scale2,clean,fixed_1_controlled,1777,688,70.76955262170047,70.76955262170041,0.004140249999181833
8,0,scale2,clean,fixed_2_controlled,1967,684,70.76955262170047,70.76955262170041,0.004642625000997214
8,0,scale2,corrupt50,adaptive,1569,1738,70.76955262170047,70.76955262170041,0.0038203330004762392
8,0,scale2,corrupt50,fixed_1_controlled,1439,1266,70.76955262170047,70.76955262170041,0.003417916999751469
8,0,scale2,corrupt50,fixed_2_controlled,1165,737,70.76955262170047,70.76955262170041,0.003263416001573205
8,0,scale2,corrupt100,adaptive,1569,1738,70.76955262170047,70.76955262170041,0.003705540999362711
8,0,scale2,corrupt100,fixed_1_controlled,2339,2523,70.76955262170047,70.76955262170041,0.005341582997061778
8,0,scale2,corrupt100,fixed_2_controlled,5088,4801,73.11269837220809,70.76955262170041,0.011371541000698926
8,1,scale2,clean,adaptive,1437,1608,57.21320343559643,57.21320343559642,0.003390665999177145
8,1,scale2,clean,fixed_1_controlled,1112,896,57.21320343559643,57.21320343559642,0.0031756249991303775
8,1,scale2,clean,fixed_2_controlled,1911,786,57.21320343559643,57.21320343559642,0.0048839999981282745
8,1,scale2,corrupt50,adaptive,1560,1718,57.21320343559643,57.21320343559642,0.003411584002606105
8,1,scale2,corrupt50,fixed_1_controlled,2399,2580,57.21320343559643,57.21320343559642,0.005530833001103019
8,1,scale2,corrupt50,fixed_2_controlled,4021,1239,57.21320343559643,57.21320343559642,0.011178207998455036
8,1,scale2,corrupt100,adaptive,1648,1799,57.21320343559643,57.21320343559642,0.0038310420022753533
8,1,scale2,corrupt100,fixed_1_controlled,2690,2799,57.21320343559643,57.21320343559642,0.005371916999138193
8,1,scale2,corrupt100,fixed_2_controlled,2455,2337,57.21320343559643,57.21320343559642,0.005630291998386383
8,2,scale2,clean,adaptive,3121,3135,88.42640687119285,88.42640687119278,0.00790837500244379
8,2,scale2,clean,fixed_1_controlled,4859,1955,88.42640687119285,88.42640687119278,0.011260875002335524
8,2,scale2,clean,fixed_2_controlled,7709,1973,88.42640687119285,88.42640687119278,0.018252916001074482
8,2,scale2,corrupt50,adaptive,3094,3243,88.42640687119285,88.42640687119278,0.007240833998366725
8,2,scale2,corrupt50,fixed_1_controlled,2961,3168,88.42640687119285,88.42640687119278,0.006355666999297682
8,2,scale2,corrupt50,fixed_2_controlled,6173,2216,88.42640687119285,88.42640687119278,0.014567124999302905
8,2,scale2,corrupt100,adaptive,3093,3243,88.42640687119285,88.42640687119278,0.007738416999927722
8,2,scale2,corrupt100,fixed_1_controlled,3270,3453,88.42640687119285,88.42640687119278,0.008475124999677064
8,2,scale2,corrupt100,fixed_2_controlled,2534,2641,88.42640687119285,88.42640687119278,0.00643474999742466
22,0,scale2,clean,adaptive,2349,2464,74.62741699796952,74.62741699796948,0.005275874998915242
22,0,scale2,clean,fixed_1_controlled,2205,1484,74.62741699796952,74.62741699796948,0.005374708001909312
22,0,scale2,clean,fixed_2_controlled,3130,1475,74.62741699796952,74.62741699796948,0.007105541000782978
22,0,scale2,corrupt50,adaptive,2369,2557,74.62741699796952,74.62741699796948,0.005285832998197293
22,0,scale2,corrupt50,fixed_1_controlled,3082,3024,74.62741699796952,74.62741699796948,0.007337167000514455
22,0,scale2,corrupt50,fixed_2_controlled,2461,1713,74.62741699796952,74.62741699796948,0.005929124999966007
22,0,scale2,corrupt100,adaptive,2317,2497,74.62741699796952,74.62741699796948,0.0054535000017494895
22,0,scale2,corrupt100,fixed_1_controlled,2321,2431,74.62741699796952,74.62741699796948,0.005610584001260577
22,0,scale2,corrupt100,fixed_2_controlled,2230,2045,74.62741699796952,74.62741699796948,0.005511832998308819
22,1,scale2,clean,adaptive,42,136,32.384776310850235,32.38477631085024,0.00017737499729264528
22,1,scale2,clean,fixed_1_controlled,41,131,32.384776310850235,32.38477631085024,0.00016675000006216578
22,1,scale2,clean,fixed_2_controlled,42,136,32.384776310850235,32.38477631085024,0.00016741600120440125
22,1,scale2,corrupt50,adaptive,262,362,32.384776310850235,32.38477631085024,0.0006618330007768236
22,1,scale2,corrupt50,fixed_1_controlled,856,702,32.97056274847714,32.38477631085024,0.002423000001726905
22,1,scale2,corrupt50,fixed_2_controlled,442,654,35.698484809835,32.38477631085024,0.0015992090011422988
22,1,scale2,corrupt100,adaptive,278,382,32.384776310850235,32.38477631085024,0.000725499998225132
22,1,scale2,corrupt100,fixed_1_controlled,291,372,33.21320343559643,32.38477631085024,0.0007403330018860288
22,1,scale2,corrupt100,fixed_2_controlled,1030,598,33.21320343559643,32.38477631085024,0.00258291700083646
22,2,scale2,clean,adaptive,1572,1738,61.45584412271571,61.4558441227157,0.0036444590004975908
22,2,scale2,clean,fixed_1_controlled,992,1139,61.45584412271571,61.4558441227157,0.002489499998773681
22,2,scale2,clean,fixed_2_controlled,1595,1088,61.45584412271571,61.4558441227157,0.003893749999406282
22,2,scale2,corrupt50,adaptive,1670,1834,61.45584412271571,61.4558441227157,0.003428791998885572
22,2,scale2,corrupt50,fixed_1_controlled,2739,2923,61.45584412271571,61.4558441227157,0.006507166999654146
22,2,scale2,corrupt50,fixed_2_controlled,2571,1928,61.45584412271571,61.4558441227157,0.0066070829998352565
22,2,scale2,corrupt100,adaptive,1670,1834,61.45584412271571,61.4558441227157,0.003489792001346359
22,2,scale2,corrupt100,fixed_1_controlled,3515,3701,61.45584412271571,61.4558441227157,0.007316540999454446
22,2,scale2,corrupt100,fixed_2_controlled,2712,2002,61.45584412271571,61.4558441227157,0.00692341700050747
35,0,scale2,clean,adaptive,1067,1285,124.91168824543142,124.91168824543135,0.002775666998786619
35,0,scale2,clean,fixed_1_controlled,428,680,124.91168824543142,124.91168824543135,0.0014279169990913942
35,0,scale2,clean,fixed_2_controlled,184,465,124.91168824543142,124.91168824543135,0.0008495000001857989
35,0,scale2,corrupt50,adaptive,2077,2212,124.91168824543142,124.91168824543135,0.004925332999846432
35,0,scale2,corrupt50,fixed_1_controlled,3278,2744,127.39696961967,124.91168824543135,0.008839166999678127
35,0,scale2,corrupt50,fixed_2_controlled,3661,2086,133.19595949289334,124.91168824543135,0.008729375000257278
35,0,scale2,corrupt100,adaptive,1745,1909,126.5685424949238,124.91168824543135,0.004311917000450194
35,0,scale2,corrupt100,fixed_1_controlled,838,1078,129.88225099390857,124.91168824543135,0.0025337919978483114
35,0,scale2,corrupt100,fixed_2_controlled,972,996,132.36753236814712,124.91168824543135,0.0030256669997470453
35,1,scale2,clean,adaptive,39,97,22.38477631085024,22.384776310850242,0.00015295900084311143
35,1,scale2,clean,fixed_1_controlled,94,138,22.38477631085024,22.384776310850242,0.00028433399711502716
35,1,scale2,clean,fixed_2_controlled,44,99,22.38477631085024,22.384776310850242,0.00015333299961639568
35,1,scale2,corrupt50,adaptive,181,251,22.38477631085024,22.384776310850242,0.00041404200237593614
35,1,scale2,corrupt50,fixed_1_controlled,547,642,22.38477631085024,22.384776310850242,0.0013678750001417939
35,1,scale2,corrupt50,fixed_2_controlled,905,1081,22.970562748477143,22.384776310850242,0.002767875001154607
35,1,scale2,corrupt100,adaptive,189,261,22.38477631085024,22.384776310850242,0.00048495900045963936
35,1,scale2,corrupt100,fixed_1_controlled,308,398,22.38477631085024,22.384776310850242,0.0007037499999569263
35,1,scale2,corrupt100,fixed_2_controlled,575,545,22.38477631085024,22.384776310850242,0.001452291999157751
35,2,scale2,clean,adaptive,736,797,50.87005768508881,50.870057685088774,0.0019102500009466894
35,2,scale2,clean,fixed_1_controlled,770,464,50.87005768508881,50.870057685088774,0.001865958998678252
35,2,scale2,clean,fixed_2_controlled,707,370,51.698484809835,50.870057685088774,0.0016957920015556738
35,2,scale2,corrupt50,adaptive,741,815,50.87005768508881,50.870057685088774,0.0019164580007782206
35,2,scale2,corrupt50,fixed_1_controlled,527,615,50.87005768508881,50.870057685088774,0.001327792000665795
35,2,scale2,corrupt50,fixed_2_controlled,692,485,51.698484809835,50.870057685088774,0.001766749999660533
35,2,scale2,corrupt100,adaptive,831,941,50.87005768508881,50.870057685088774,0.002257207997899968
35,2,scale2,corrupt100,fixed_1_controlled,2066,1904,50.87005768508881,50.870057685088774,0.005179040999792051
35,2,scale2,corrupt100,fixed_2_controlled,3000,2227,50.87005768508881,50.870057685088774,0.007822416999260895
36,0,scale2,clean,adaptive,403,385,37.31370849898476,37.31370849898475,0.001145875001384411
36,0,scale2,clean,fixed_1_controlled,152,250,38.14213562373095,37.31370849898475,0.00044333400001050904
36,0,scale2,clean,fixed_2_controlled,151,235,38.97056274847714,37.31370849898475,0.0004336669990152586
36,0,scale2,corrupt50,adaptive,389,497,37.31370849898476,37.31370849898475,0.000913290998141747
36,0,scale2,corrupt50,fixed_1_controlled,1373,1533,37.31370849898476,37.31370849898475,0.0029959169987705536
36,0,scale2,corrupt50,fixed_2_controlled,394,538,43.698484809835,37.31370849898475,0.0012862920011684764
36,0,scale2,corrupt100,adaptive,412,515,37.31370849898476,37.31370849898475,0.001010332998703234
36,0,scale2,corrupt100,fixed_1_controlled,990,678,40.384776310850235,37.31370849898475,0.002495208002073923
36,0,scale2,corrupt100,fixed_2_controlled,2003,1377,49.45584412271571,37.31370849898475,0.005481583000801038
36,1,scale2,clean,adaptive,26,90,27.899494936611667,27.89949493661167,0.00013916700117988512
36,1,scale2,clean,fixed_1_controlled,26,90,27.899494936611667,27.89949493661167,0.00011179099965374917
36,1,scale2,clean,fixed_2_controlled,26,90,27.899494936611667,27.89949493661167,0.00011454199920990504
36,1,scale2,corrupt50,adaptive,82,139,27.899494936611667,27.89949493661167,0.00022320800053421408
36,1,scale2,corrupt50,fixed_1_controlled,627,718,27.899494936611667,27.89949493661167,0.001360166999802459
36,1,scale2,corrupt50,fixed_2_controlled,980,1119,27.899494936611667,27.89949493661167,0.0023725419996480923
36,1,scale2,corrupt100,adaptive,79,145,28.48528137423857,27.89949493661167,0.00022295799863059074
36,1,scale2,corrupt100,fixed_1_controlled,43,97,28.48528137423857,27.89949493661167,0.00011250000170548446
36,1,scale2,corrupt100,fixed_2_controlled,200,389,29.071067811865476,27.89949493661167,0.0007203340028354432
36,2,scale2,clean,adaptive,653,771,66.87005768508881,66.87005768508877,0.002051957999356091
36,2,scale2,clean,fixed_1_controlled,588,608,67.698484809835,66.87005768508877,0.001782874998752959
36,2,scale2,clean,fixed_2_controlled,644,570,72.04163056034261,66.87005768508877,0.0018762500003504101
36,2,scale2,corrupt50,adaptive,1162,1369,66.87005768508881,66.87005768508877,0.003148374999000225
36,2,scale2,corrupt50,fixed_1_controlled,861,682,72.04163056034261,66.87005768508877,0.00248283399923821
36,2,scale2,corrupt50,fixed_2_controlled,771,557,72.87005768508881,66.87005768508877,0.002359165999223478
36,2,scale2,corrupt100,adaptive,1258,1405,66.87005768508881,66.87005768508877,0.003571125002054032
36,2,scale2,corrupt100,fixed_1_controlled,2532,2406,66.87005768508881,66.87005768508877,0.0073303329991176724
36,2,scale2,corrupt100,fixed_2_controlled,362,521,70.38477631085024,66.87005768508877,0.001215958000102546
38,0,scale2,clean,adaptive,856,1011,72.18376618407356,72.18376618407355,0.017776374999812106
38,0,scale2,clean,fixed_1_controlled,821,979,72.18376618407356,72.18376618407355,0.07127754099929007
38,0,scale2,clean,fixed_2_controlled,814,973,72.18376618407356,72.18376618407355,0.041571541001758305
38,0,scale2,corrupt50,adaptive,1345,1450,72.18376618407356,72.18376618407355,0.004135292001592461
38,0,scale2,corrupt50,fixed_1_controlled,1458,1556,72.18376618407356,72.18376618407355,0.005614040997897973
38,0,scale2,corrupt50,fixed_2_controlled,1432,1522,72.18376618407356,72.18376618407355,0.017009208000672515
38,0,scale2,corrupt100,adaptive,1331,1441,72.18376618407356,72.18376618407355,0.003808916997513734
38,0,scale2,corrupt100,fixed_1_controlled,978,1119,73.01219330881976,72.18376618407355,0.0027489999993122183
38,0,scale2,corrupt100,fixed_2_controlled,1694,1775,72.18376618407356,72.18376618407355,0.004920208000839921
38,1,scale2,clean,adaptive,48,192,57.35533905932738,57.35533905932737,0.0003557499985618051
38,1,scale2,clean,fixed_1_controlled,49,191,57.35533905932738,57.35533905932737,0.0002868750016205013
38,1,scale2,clean,fixed_2_controlled,48,192,57.35533905932738,57.35533905932737,0.0002787080011330545
38,1,scale2,corrupt50,adaptive,670,791,57.35533905932738,57.35533905932737,0.0023926670000946615
38,1,scale2,corrupt50,fixed_1_controlled,479,637,57.35533905932738,57.35533905932737,0.001466666999476729
38,1,scale2,corrupt50,fixed_2_controlled,65,263,57.35533905932738,57.35533905932737,0.0003320840005471837
38,1,scale2,corrupt100,adaptive,159,351,59.01219330881976,57.35533905932737,0.0006627920010942034
38,1,scale2,corrupt100,fixed_1_controlled,283,494,57.35533905932738,57.35533905932737,0.0010153340008400846
38,1,scale2,corrupt100,fixed_2_controlled,74,290,57.35533905932738,57.35533905932737,0.00041858300028252415
38,2,scale2,clean,adaptive,35,142,41.45584412271571,41.4558441227157,0.00019987500127172098
38,2,scale2,clean,fixed_1_controlled,35,141,41.45584412271571,41.4558441227157,0.00017295799989369698
38,2,scale2,clean,fixed_2_controlled,35,142,41.45584412271571,41.4558441227157,0.00016791599773569033
38,2,scale2,corrupt50,adaptive,277,390,41.45584412271571,41.4558441227157,0.0006882080015202519
38,2,scale2,corrupt50,fixed_1_controlled,1124,1274,41.45584412271571,41.4558441227157,0.0025434999988647178
38,2,scale2,corrupt50,fixed_2_controlled,1484,1327,41.45584412271571,41.4558441227157,0.0036140420015726704
38,2,scale2,corrupt100,adaptive,364,446,41.45584412271571,41.4558441227157,0.0009197920007864013
38,2,scale2,corrupt100,fixed_1_controlled,1082,1216,41.45584412271571,41.4558441227157,0.0024309170003107283
38,2,scale2,corrupt100,fixed_2_controlled,1550,1573,41.45584412271571,41.4558441227157,0.0036770410006283782
39,0,scale2,clean,adaptive,3297,3503,142.91168824543144,142.91168824543146,0.007230957999126986
39,0,scale2,clean,fixed_1_controlled,2823,2970,142.91168824543144,142.91168824543146,0.0068922919999749865
39,0,scale2,clean,fixed_2_controlled,3819,2836,142.91168824543144,142.91168824543146,0.009344250000140164
39,0,scale2,corrupt50,adaptive,4093,4306,142.91168824543144,142.91168824543146,0.008954249999078456
39,0,scale2,corrupt50,fixed_1_controlled,2904,3119,142.91168824543144,142.91168824543146,0.006428625001717592
39,0,scale2,corrupt50,fixed_2_controlled,4205,2900,142.91168824543144,142.91168824543146,0.010534041000937577
39,0,scale2,corrupt100,adaptive,4172,4387,142.91168824543144,142.91168824543146,0.009269791000406258
39,0,scale2,corrupt100,fixed_1_controlled,3785,3627,145.39696961967,142.91168824543146,0.008964584001660114
39,0,scale2,corrupt100,fixed_2_controlled,4443,3548,147.88225099390857,142.91168824543146,0.011069916999986162
39,1,scale2,clean,adaptive,620,664,42.04163056034262,42.041630560342604,0.0016012919986678753
39,1,scale2,clean,fixed_1_controlled,238,266,42.04163056034262,42.041630560342604,0.0006982919985603075
39,1,scale2,clean,fixed_2_controlled,472,253,42.04163056034262,42.041630560342604,0.0011188329990545753
39,1,scale2,corrupt50,adaptive,602,703,42.04163056034262,42.041630560342604,0.0013135420012986287
39,1,scale2,corrupt50,fixed_1_controlled,886,1006,42.04163056034262,42.041630560342604,0.002017333998082904
39,1,scale2,corrupt50,fixed_2_controlled,970,863,56.083261120685236,42.041630560342604,0.0025018749984155875
39,1,scale2,corrupt100,adaptive,645,703,42.04163056034262,42.041630560342604,0.001503457999206148
39,1,scale2,corrupt100,fixed_1_controlled,525,368,42.87005768508881,42.041630560342604,0.0013138340000296012
39,1,scale2,corrupt100,fixed_2_controlled,531,417,46.18376618407357,42.041630560342604,0.0013249590010673273
39,2,scale2,clean,adaptive,2120,2194,93.59797974644667,93.59797974644658,0.005327416998625267
39,2,scale2,clean,fixed_1_controlled,1107,1148,93.59797974644667,93.59797974644658,0.0030836250007268973
39,2,scale2,clean,fixed_2_controlled,2272,1190,95.25483399593904,93.59797974644658,0.006066457997803809
39,2,scale2,corrupt50,adaptive,2635,2688,93.59797974644667,93.59797974644658,0.006354458000714658
39,2,scale2,corrupt50,fixed_1_controlled,1678,1655,93.59797974644667,93.59797974644658,0.0045142080016375985
39,2,scale2,corrupt50,fixed_2_controlled,3528,1234,94.42640687119285,93.59797974644658,0.009078499999304768
39,2,scale2,corrupt100,adaptive,2443,2614,93.59797974644667,93.59797974644658,0.005866667001100723
39,2,scale2,corrupt100,fixed_1_controlled,1451,1506,93.59797974644667,93.59797974644658,0.003975457999331411
39,2,scale2,corrupt100,fixed_2_controlled,6304,1157,94.18376618407356,93.59797974644658,0.01532858299833606
42,0,scale2,clean,adaptive,33,134,38.62741699796952,38.62741699796952,0.00017708399900584482
42,0,scale2,clean,fixed_1_controlled,33,134,38.62741699796952,38.62741699796952,0.00016279099872917868
42,0,scale2,clean,fixed_2_controlled,33,134,38.62741699796952,38.62741699796952,0.0001572499968460761
42,0,scale2,corrupt50,adaptive,80,213,40.2842712474619,38.62741699796952,0.00031350000062957406
42,0,scale2,corrupt50,fixed_1_controlled,936,972,38.62741699796952,38.62741699796952,0.002133750000211876
42,0,scale2,corrupt50,fixed_2_controlled,46,188,41.112698372208094,38.62741699796952,0.0002389169967500493
42,0,scale2,corrupt100,adaptive,340,453,38.62741699796952,38.62741699796952,0.0009044159996847156
42,0,scale2,corrupt100,fixed_1_controlled,1490,1613,38.62741699796952,38.62741699796952,0.0032484580005984753
42,0,scale2,corrupt100,fixed_2_controlled,102,370,44.87005768508881,38.62741699796952,0.0005225829991104547
42,1,scale2,clean,adaptive,82,280,87.45584412271572,87.45584412271566,0.00043870800072909333
42,1,scale2,clean,fixed_1_controlled,84,281,88.04163056034261,87.45584412271566,0.0004247500000928994
42,1,scale2,clean,fixed_2_controlled,82,280,87.45584412271572,87.45584412271566,0.00041708400021889247
42,1,scale2,corrupt50,adaptive,164,447,94.87005768508881,87.45584412271566,0.0006830829988757614
42,1,scale2,corrupt50,fixed_1_controlled,700,657,91.55634918610404,87.45584412271566,0.001967874999536434
42,1,scale2,corrupt50,fixed_2_controlled,118,423,101.35533905932738,87.45584412271566,0.0005861659992660861
42,1,scale2,corrupt100,adaptive,1358,1489,87.45584412271572,87.45584412271566,0.0035574580033426173
42,1,scale2,corrupt100,fixed_1_controlled,1444,1188,91.94112549695429,87.45584412271566,0.004196958001557505
42,1,scale2,corrupt100,fixed_2_controlled,601,766,100.42640687119285,87.45584412271566,0.001916332999826409
42,2,scale2,clean,adaptive,189,300,39.941125496954285,39.11269837220809,0.0005289159998937976
42,2,scale2,clean,fixed_1_controlled,116,226,39.112698372208094,39.11269837220809,0.00032824999652802944
42,2,scale2,clean,fixed_2_controlled,103,205,39.112698372208094,39.11269837220809,0.00030587500077672303
42,2,scale2,corrupt50,adaptive,264,371,39.112698372208094,39.11269837220809,0.0006307500007096678
42,2,scale2,corrupt50,fixed_1_controlled,124,237,39.112698372208094,39.11269837220809,0.0002957500000775326
42,2,scale2,corrupt50,fixed_2_controlled,165,450,40.76955262170048,39.11269837220809,0.0007300420002138708
42,2,scale2,corrupt100,adaptive,274,382,39.112698372208094,39.11269837220809,0.0006288330005190801
42,2,scale2,corrupt100,fixed_1_controlled,671,781,39.112698372208094,39.11269837220809,0.0015859999984968454
42,2,scale2,corrupt100,fixed_2_controlled,1197,1282,39.112698372208094,39.11269837220809,0.0029053329999442212
51,0,scale2,clean,adaptive,65,221,68.97056274847714,68.97056274847711,0.00031341700014309026
51,0,scale2,clean,fixed_1_controlled,65,220,68.97056274847714,68.97056274847711,0.0002871249998861458
51,0,scale2,clean,fixed_2_controlled,65,221,68.97056274847714,68.97056274847711,0.00029516699942178093
51,0,scale2,corrupt50,adaptive,550,670,68.97056274847714,68.97056274847711,0.001305416997638531
51,0,scale2,corrupt50,fixed_1_controlled,2004,2215,68.97056274847714,68.97056274847711,0.004539584002486663
51,0,scale2,corrupt50,fixed_2_controlled,99,346,68.97056274847714,68.97056274847711,0.00043083299897261895
51,0,scale2,corrupt100,adaptive,518,639,68.97056274847714,68.97056274847711,0.001198417001432972
51,0,scale2,corrupt100,fixed_1_controlled,2106,2337,68.97056274847714,68.97056274847711,0.004452791999938199
51,0,scale2,corrupt100,fixed_2_controlled,340,730,70.62741699796952,68.97056274847711,0.001188958001876017
51,1,scale2,clean,adaptive,52,162,51.65685424949238,51.65685424949238,0.00023475000125472434
51,1,scale2,clean,fixed_1_controlled,52,162,51.65685424949238,51.65685424949238,0.0002752500004135072
51,1,scale2,clean,fixed_2_controlled,52,162,51.65685424949238,51.65685424949238,0.0002240409994556103
51,1,scale2,corrupt50,adaptive,275,447,51.65685424949238,51.65685424949238,0.000818417000118643
51,1,scale2,corrupt50,fixed_1_controlled,460,586,53.89949493661167,51.65685424949238,0.0013805000016873237
51,1,scale2,corrupt50,fixed_2_controlled,282,573,62.526911934581186,51.65685424949238,0.0011233750010433141
51,1,scale2,corrupt100,adaptive,98,233,54.14213562373095,51.65685424949238,0.00032941700192168355
51,1,scale2,corrupt100,fixed_1_controlled,136,281,54.97056274847714,51.65685424949238,0.0004205839977657888
51,1,scale2,corrupt100,fixed_2_controlled,106,399,64.42640687119285,51.65685424949238,0.0005922500022279564
51,2,scale2,clean,adaptive,59,152,42.384776310850235,41.556349186104036,0.00022479200197267346
51,2,scale2,clean,fixed_1_controlled,92,168,42.384776310850235,41.556349186104036,0.0003003750025527552
51,2,scale2,clean,fixed_2_controlled,58,150,42.384776310850235,41.556349186104036,0.00020087499797227792
51,2,scale2,corrupt50,adaptive,397,498,41.55634918610404,41.556349186104036,0.0009099169983528554
51,2,scale2,corrupt50,fixed_1_controlled,1595,1759,41.55634918610404,41.556349186104036,0.0032999579998431727
51,2,scale2,corrupt50,fixed_2_controlled,102,292,42.384776310850235,41.556349186104036,0.0004107909990125336
51,2,scale2,corrupt100,adaptive,397,498,41.55634918610404,41.556349186104036,0.0009736669999256264
51,2,scale2,corrupt100,fixed_1_controlled,1504,1669,41.55634918610404,41.556349186104036,0.003489875001832843
51,2,scale2,corrupt100,fixed_2_controlled,1148,1421,43.21320343559643,41.556349186104036,0.003477709000435425
54,0,scale2,clean,adaptive,1144,1208,105.94112549695429,105.94112549695421,0.003109834000497358
54,0,scale2,clean,fixed_1_controlled,2530,1119,105.94112549695429,105.94112549695421,0.005749374999140855
54,0,scale2,clean,fixed_2_controlled,3209,1113,105.94112549695429,105.94112549695421,0.007473916000890313
54,0,scale2,corrupt50,adaptive,1306,1360,105.94112549695429,105.94112549695421,0.003013333000126295
54,0,scale2,corrupt50,fixed_1_controlled,1147,1187,105.94112549695429,105.94112549695421,0.002913166998041561
54,0,scale2,corrupt50,fixed_2_controlled,1544,1232,108.18376618407356,105.94112549695421,0.0038193330001377035
54,0,scale2,corrupt100,adaptive,1313,1360,105.94112549695429,105.94112549695421,0.0033377920008206274
54,0,scale2,corrupt100,fixed_1_controlled,2285,1063,105.94112549695429,105.94112549695421,0.005524959000467788
54,0,scale2,corrupt100,fixed_2_controlled,3084,1065,107.11269837220809,105.94112549695421,0.007261834001837997
54,1,scale2,clean,adaptive,82,248,77.21320343559643,77.21320343559641,0.00034912499904748984
54,1,scale2,clean,fixed_1_controlled,196,336,77.21320343559643,77.21320343559641,0.000587124999583466
54,1,scale2,clean,fixed_2_controlled,83,248,77.21320343559643,77.21320343559641,0.00033683299989206716
54,1,scale2,corrupt50,adaptive,792,926,77.21320343559643,77.21320343559641,0.0017834159989433829
54,1,scale2,corrupt50,fixed_1_controlled,3768,1598,77.21320343559643,77.21320343559641,0.008466082999802893
54,1,scale2,corrupt50,fixed_2_controlled,1223,1023,83.01219330881976,77.21320343559641,0.0035165840017725714
54,1,scale2,corrupt100,adaptive,793,926,77.21320343559643,77.21320343559641,0.0019038329992326908
54,1,scale2,corrupt100,fixed_1_controlled,1855,1825,77.21320343559643,77.21320343559641,0.004749749998154584
54,1,scale2,corrupt100,fixed_2_controlled,3101,2045,80.5269119345812,77.21320343559641,0.008375291999982437
54,2,scale2,clean,adaptive,1102,1199,110.91168824543142,110.91168824543132,0.0029280000017024577
54,2,scale2,clean,fixed_1_controlled,1609,1128,110.91168824543142,110.91168824543132,0.0040850830009731
54,2,scale2,clean,fixed_2_controlled,1302,1124,110.91168824543142,110.91168824543132,0.003454875000898028
54,2,scale2,corrupt50,adaptive,1160,1262,110.91168824543142,110.91168824543132,0.00273570799981826
54,2,scale2,corrupt50,fixed_1_controlled,1104,1196,110.91168824543142,110.91168824543132,0.002398791999439709
54,2,scale2,corrupt50,fixed_2_controlled,1163,1267,112.08326112068524,110.91168824543132,0.0024783330009086058
54,2,scale2,corrupt100,adaptive,1217,1262,110.91168824543142,110.91168824543132,0.0026275419986632187
54,2,scale2,corrupt100,fixed_1_controlled,1475,1149,110.91168824543142,110.91168824543132,0.003790750000916887
54,2,scale2,corrupt100,fixed_2_controlled,2085,1260,120.66904755831214,110.91168824543132,0.0054809579996799584
55,0,scale2,clean,adaptive,44,165,50.04163056034262,50.041630560342604,0.00025295899831689894
55,0,scale2,clean,fixed_1_controlled,46,168,50.04163056034262,50.041630560342604,0.00024766699789324775
55,0,scale2,clean,fixed_2_controlled,44,165,50.04163056034262,50.041630560342604,0.00022850000095786527
55,0,scale2,corrupt50,adaptive,44,150,50.04163056034262,50.041630560342604,0.00015491700105485506
55,0,scale2,corrupt50,fixed_1_controlled,48,164,51.698484809835,50.041630560342604,0.0001649999976507388
55,0,scale2,corrupt50,fixed_2_controlled,441,577,51.698484809835,50.041630560342604,0.0016093750018626451
55,0,scale2,corrupt100,adaptive,508,631,50.04163056034262,50.041630560342604,0.0013695829984499142
55,0,scale2,corrupt100,fixed_1_controlled,2435,2647,50.04163056034262,50.041630560342604,0.005993457998556551
55,0,scale2,corrupt100,fixed_2_controlled,383,629,50.04163056034262,50.041630560342604,0.0012405839988787193
55,1,scale2,clean,adaptive,76,302,91.15432893255071,91.1543289325506,0.00038712500099791214
55,1,scale2,clean,fixed_1_controlled,77,305,91.15432893255071,91.1543289325506,0.00037929199970676564
55,1,scale2,clean,fixed_2_controlled,76,302,91.15432893255071,91.1543289325506,0.0003739579988177866
55,1,scale2,corrupt50,adaptive,175,422,92.32590180780453,91.1543289325506,0.000667582997266436
55,1,scale2,corrupt50,fixed_1_controlled,277,510,92.91168824543142,91.1543289325506,0.0009400000017194543
55,1,scale2,corrupt50,fixed_2_controlled,111,367,93.49747468305833,91.1543289325506,0.0004929999995511025
55,1,scale2,corrupt100,adaptive,1608,1982,91.15432893255071,91.1543289325506,0.0040340829982596915
55,1,scale2,corrupt100,fixed_1_controlled,4697,4850,91.15432893255071,91.1543289325506,0.01090949999706936
55,1,scale2,corrupt100,fixed_2_controlled,110,413,94.08326112068524,91.1543289325506,0.0006036660015524831
55,2,scale2,clean,adaptive,3873,3915,115.35533905932738,115.3553390593273,0.008346957998583093
55,2,scale2,clean,fixed_1_controlled,2098,1616,115.35533905932738,115.3553390593273,0.00575566599945887
55,2,scale2,clean,fixed_2_controlled,6726,1590,115.35533905932738,115.3553390593273,0.017022959000314586
55,2,scale2,corrupt50,adaptive,2694,2543,115.35533905932738,115.3553390593273,0.007554415999038611
55,2,scale2,corrupt50,fixed_1_controlled,20669,2479,115.35533905932738,115.3553390593273,0.0467178340004466
55,2,scale2,corrupt50,fixed_2_controlled,26502,2476,115.35533905932738,115.3553390593273,0.060281417001533555
55,2,scale2,corrupt100,adaptive,3856,3952,115.35533905932738,115.3553390593273,0.009714416999486275
55,2,scale2,corrupt100,fixed_1_controlled,11080,4138,115.35533905932738,115.3553390593273,0.029285750002600253
55,2,scale2,corrupt100,fixed_2_controlled,21596,2999,115.35533905932738,115.3553390593273,0.04794491599750472
60,0,scale2,clean,adaptive,82,249,82.48528137423857,82.48528137423855,0.0003840420031337999
60,0,scale2,clean,fixed_1_controlled,84,253,82.48528137423857,82.48528137423855,0.00035791699701803736
60,0,scale2,clean,fixed_2_controlled,82,249,82.48528137423857,82.48528137423855,0.00038595799924223684
60,0,scale2,corrupt50,adaptive,959,1144,82.48528137423857,82.48528137423855,0.0026145000010728836
60,0,scale2,corrupt50,fixed_1_controlled,1777,2051,83.31370849898477,82.48528137423855,0.004452875000424683
60,0,scale2,corrupt50,fixed_2_controlled,228,566,91.11269837220809,82.48528137423855,0.0009479580003244337
60,0,scale2,corrupt100,adaptive,1054,1071,82.48528137423857,82.48528137423855,0.002355166998313507
60,0,scale2,corrupt100,fixed_1_controlled,2613,1882,82.48528137423857,82.48528137423855,0.006325333000859246
60,0,scale2,corrupt100,fixed_2_controlled,5982,2029,82.48528137423857,82.48528137423855,0.01459683400025824
60,1,scale2,clean,adaptive,1090,962,105.11269837220809,104.28427124746185,0.002869792002456961
60,1,scale2,clean,fixed_1_controlled,1170,933,105.11269837220809,104.28427124746185,0.003170042000419926
60,1,scale2,clean,fixed_2_controlled,1083,962,105.11269837220809,104.28427124746185,0.0028158749992144294
60,1,scale2,corrupt50,adaptive,2560,2672,104.2842712474619,104.28427124746185,0.006431584002712043
60,1,scale2,corrupt50,fixed_1_controlled,2986,2971,104.2842712474619,104.28427124746185,0.007387208999716677
60,1,scale2,corrupt50,fixed_2_controlled,4597,3561,105.94112549695429,104.28427124746185,0.011397708996810252
60,1,scale2,corrupt100,adaptive,2463,2672,104.2842712474619,104.28427124746185,0.00566616599826375
60,1,scale2,corrupt100,fixed_1_controlled,2748,2891,104.2842712474619,104.28427124746185,0.005705250001483364
60,1,scale2,corrupt100,fixed_2_controlled,6075,4070,104.2842712474619,104.28427124746185,0.01368279199959943
60,2,scale2,clean,adaptive,827,918,52.526911934581186,52.52691193458115,0.0020504999993136153
60,2,scale2,clean,fixed_1_controlled,616,509,52.526911934581186,52.52691193458115,0.0016827920007926878
60,2,scale2,clean,fixed_2_controlled,515,379,52.526911934581186,52.52691193458115,0.001433875000657281
60,2,scale2,corrupt50,adaptive,911,1061,52.526911934581186,52.52691193458115,0.002198499998485204
60,2,scale2,corrupt50,fixed_1_controlled,1046,982,52.526911934581186,52.52691193458115,0.0029091659998812247
60,2,scale2,corrupt50,fixed_2_controlled,1762,1165,52.526911934581186,52.52691193458115,0.004888125000434229
60,2,scale2,corrupt100,adaptive,895,1061,52.526911934581186,52.52691193458115,0.002338957998290425
60,2,scale2,corrupt100,fixed_1_controlled,1641,1556,53.35533905932738,52.52691193458115,0.004414791001181584
60,2,scale2,corrupt100,fixed_2_controlled,1218,909,55.01219330881976,52.52691193458115,0.003465666999545647
63,0,scale2,clean,adaptive,3143,3312,123.6812408671319,123.68124086713178,0.007833584000763949
63,0,scale2,clean,fixed_1_controlled,3181,2335,123.6812408671319,123.68124086713178,0.008010292000108166
63,0,scale2,clean,fixed_2_controlled,7431,2065,123.6812408671319,123.68124086713178,0.019373000002815388
63,0,scale2,corrupt50,adaptive,3978,3992,123.6812408671319,123.68124086713178,0.009578041001077509
63,0,scale2,corrupt50,fixed_1_controlled,7395,4291,123.6812408671319,123.68124086713178,0.018528374999732478
63,0,scale2,corrupt50,fixed_2_controlled,12354,4423,123.6812408671319,123.68124086713178,0.03060691599966958
63,0,scale2,corrupt100,adaptive,3789,3992,123.6812408671319,123.68124086713178,0.008873540999047691
63,0,scale2,corrupt100,fixed_1_controlled,2825,2658,123.6812408671319,123.68124086713178,0.007514791999710724
63,0,scale2,corrupt100,fixed_2_controlled,6245,2175,123.6812408671319,123.68124086713178,0.015297666999686044
63,1,scale2,clean,adaptive,3097,3133,97.21320343559643,97.21320343559638,0.007172208999691065
63,1,scale2,clean,fixed_1_controlled,5005,1342,98.04163056034261,97.21320343559638,0.011694458000420127
63,1,scale2,clean,fixed_2_controlled,3457,1019,98.04163056034261,97.21320343559638,0.008070624997344567
63,1,scale2,corrupt50,adaptive,3296,3329,97.21320343559643,97.21320343559638,0.008149250003043562
63,1,scale2,corrupt50,fixed_1_controlled,3471,2033,100.5269119345812,97.21320343559638,0.009202041997923516
63,1,scale2,corrupt50,fixed_2_controlled,9313,1616,105.49747468305833,97.21320343559638,0.023723791000520578
63,1,scale2,corrupt100,adaptive,3301,3329,97.21320343559643,97.21320343559638,0.008196624999982305
63,1,scale2,corrupt100,fixed_1_controlled,6711,1829,102.18376618407356,97.21320343559638,0.018761041999823647
63,1,scale2,corrupt100,fixed_2_controlled,10318,2621,101.35533905932738,97.21320343559638,0.027663332999509294
63,2,scale2,clean,adaptive,1063,1123,53.21320343559643,53.213203435596405,0.0027145840031153057
63,2,scale2,clean,fixed_1_controlled,555,483,53.21320343559643,53.213203435596405,0.0015705839978181757
63,2,scale2,clean,fixed_2_controlled,633,391,53.21320343559643,53.213203435596405,0.0015663750018575229
63,2,scale2,corrupt50,adaptive,1119,1186,53.21320343559643,53.213203435596405,0.002601833999506198
63,2,scale2,corrupt50,fixed_1_controlled,1786,814,59.01219330881976,53.213203435596405,0.004816417000256479
63,2,scale2,corrupt50,fixed_2_controlled,2471,1099,63.15432893255071,53.213203435596405,0.006601417000638321
63,2,scale2,corrupt100,adaptive,1103,1186,53.21320343559643,53.213203435596405,0.0027930839969485532
63,2,scale2,corrupt100,fixed_1_controlled,405,416,54.04163056034262,53.213203435596405,0.0010667499991541263
63,2,scale2,corrupt100,fixed_2_controlled,656,629,58.04163056034262,53.213203435596405,0.0018845000013243407
65,0,scale2,clean,adaptive,1185,1120,136.18376618407356,136.18376618407353,0.0030740000001969747
65,0,scale2,clean,fixed_1_controlled,1185,1120,136.18376618407356,136.18376618407353,0.003161415999784367
65,0,scale2,clean,fixed_2_controlled,1180,1116,136.18376618407356,136.18376618407353,0.0034329999980400316
65,0,scale2,corrupt50,adaptive,2793,2977,136.18376618407356,136.18376618407353,0.007921583001007093
65,0,scale2,corrupt50,fixed_1_controlled,5698,4134,136.5269119345812,136.18376618407353,0.013173082999855978
65,0,scale2,corrupt50,fixed_2_controlled,7300,4523,136.5269119345812,136.18376618407353,0.0190655419974064
65,0,scale2,corrupt100,adaptive,2783,2977,136.18376618407356,136.18376618407353,0.006345624999084976
65,0,scale2,corrupt100,fixed_1_controlled,4765,4939,136.18376618407356,136.18376618407353,0.010386416997789638
65,0,scale2,corrupt100,fixed_2_controlled,1071,1064,137.01219330881975,136.18376618407353,0.0032832920005603228
65,1,scale2,clean,adaptive,134,268,54.18376618407357,54.183766184073534,0.00046754200229770504
65,1,scale2,clean,fixed_1_controlled,117,269,54.18376618407357,54.183766184073534,0.0003945420030504465
65,1,scale2,clean,fixed_2_controlled,134,268,54.18376618407357,54.183766184073534,0.00043116699816891924
65,1,scale2,corrupt50,adaptive,240,373,54.18376618407357,54.183766184073534,0.0007962079980643466
65,1,scale2,corrupt50,fixed_1_controlled,558,615,54.76955262170048,54.183766184073534,0.0017373330010741483
65,1,scale2,corrupt50,fixed_2_controlled,275,416,58.87005768508881,54.183766184073534,0.0008992090006358922
65,1,scale2,corrupt100,adaptive,596,701,54.18376618407357,54.183766184073534,0.0015693339992139954
65,1,scale2,corrupt100,fixed_1_controlled,1033,774,55.01219330881976,54.183766184073534,0.0028113749976910185
65,1,scale2,corrupt100,fixed_2_controlled,219,492,57.254833995939045,54.183766184073534,0.0009892909984046128
65,2,scale2,clean,adaptive,44,140,47.55634918610404,47.55634918610402,0.00019425000209594145
65,2,scale2,clean,fixed_1_controlled,44,132,47.55634918610404,47.55634918610402,0.00016929199773585424
65,2,scale2,clean,fixed_2_controlled,44,140,47.55634918610404,47.55634918610402,0.00017450000086682849
65,2,scale2,corrupt50,adaptive,268,370,47.55634918610404,47.55634918610402,0.0006551250007760245
65,2,scale2,corrupt50,fixed_1_controlled,283,404,47.55634918610404,47.55634918610402,0.0006993750030233059
65,2,scale2,corrupt50,fixed_2_controlled,242,518,47.55634918610404,47.55634918610402,0.0007084999997459818
65,2,scale2,corrupt100,adaptive,268,370,47.55634918610404,47.55634918610402,0.000645957999950042
65,2,scale2,corrupt100,fixed_1_controlled,815,922,47.55634918610404,47.55634918610402,0.0018060830007016193
65,2,scale2,corrupt100,fixed_2_controlled,1398,1716,47.55634918610404,47.55634918610402,0.004133958002057625
66,0,scale2,clean,adaptive,60,218,60.66904755831214,60.669047558312094,0.0003093330014962703
66,0,scale2,clean,fixed_1_controlled,64,222,60.66904755831214,60.669047558312094,0.00029975000143167563
66,0,scale2,clean,fixed_2_controlled,60,218,60.66904755831214,60.669047558312094,0.0002798750028887298
66,0,scale2,corrupt50,adaptive,974,1134,60.66904755831214,60.669047558312094,0.00247875000059139
66,0,scale2,corrupt50,fixed_1_controlled,808,1034,60.66904755831214,60.669047558312094,0.0017346249987895135
66,0,scale2,corrupt50,fixed_2_controlled,101,312,60.66904755831214,60.669047558312094,0.00039970799844013527
66,0,scale2,corrupt100,adaptive,1018,1189,60.66904755831214,60.669047558312094,0.0027151659996889066
66,0,scale2,corrupt100,fixed_1_controlled,3764,3968,60.66904755831214,60.669047558312094,0.008960915998613928
66,0,scale2,corrupt100,fixed_2_controlled,177,505,60.66904755831214,60.669047558312094,0.0008366250003746245
66,1,scale2,clean,adaptive,63,230,70.2842712474619,70.28427124746186,0.00031858300280873664
66,1,scale2,clean,fixed_1_controlled,63,231,70.2842712474619,70.28427124746186,0.0002946249987871852
66,1,scale2,clean,fixed_2_controlled,63,230,70.2842712474619,70.28427124746186,0.00029350000113481656
66,1,scale2,corrupt50,adaptive,866,1021,70.2842712474619,70.28427124746186,0.0020890410014544614
66,1,scale2,corrupt50,fixed_1_controlled,2044,2288,70.2842712474619,70.28427124746186,0.004315792000852525
66,1,scale2,corrupt50,fixed_2_controlled,1307,1539,70.2842712474619,70.28427124746186,0.0029735419993812684
66,1,scale2,corrupt100,adaptive,1128,1196,70.2842712474619,70.28427124746186,0.0027511669977684505
66,1,scale2,corrupt100,fixed_1_controlled,381,501,71.45584412271572,70.28427124746186,0.000985583999863593
66,1,scale2,corrupt100,fixed_2_controlled,157,519,71.45584412271572,70.28427124746186,0.0007630000000062864
66,2,scale2,clean,adaptive,86,309,95.59797974644667,95.59797974644658,0.00042020800174213946
66,2,scale2,clean,fixed_1_controlled,90,312,96.18376618407356,95.59797974644658,0.00041379100002814084
66,2,scale2,clean,fixed_2_controlled,85,309,95.59797974644667,95.59797974644658,0.0004010420016129501
66,2,scale2,corrupt50,adaptive,1981,2175,95.59797974644667,95.59797974644658,0.0054265420003503095
66,2,scale2,corrupt50,fixed_1_controlled,1960,1447,95.59797974644667,95.59797974644658,0.005977707998681581
66,2,scale2,corrupt50,fixed_2_controlled,124,509,104.71067811865476,95.59797974644658,0.00091637500008801
66,2,scale2,corrupt100,adaptive,1913,1982,95.59797974644667,95.59797974644658,0.0053963750033290125
66,2,scale2,corrupt100,fixed_1_controlled,981,1113,103.05382386916237,95.59797974644658,0.0033001250012603123
66,2,scale2,corrupt100,fixed_2_controlled,544,689,111.78174593052023,95.59797974644658,0.001786041997547727
70,0,scale2,clean,adaptive,1363,1313,66.5269119345812,66.5269119345812,0.004125999999814667
70,0,scale2,clean,fixed_1_controlled,349,496,66.5269119345812,66.5269119345812,0.001133750000008149
70,0,scale2,clean,fixed_2_controlled,367,467,67.35533905932738,66.5269119345812,0.0012004170021100435
70,0,scale2,corrupt50,adaptive,1284,1397,66.5269119345812,66.5269119345812,0.003577000003133435
70,0,scale2,corrupt50,fixed_1_controlled,2402,1989,66.5269119345812,66.5269119345812,0.006260874997678911
70,0,scale2,corrupt50,fixed_2_controlled,1336,1022,66.5269119345812,66.5269119345812,0.003278374999354128
70,0,scale2,corrupt100,adaptive,1360,1483,66.5269119345812,66.5269119345812,0.003815583000687184
70,0,scale2,corrupt100,fixed_1_controlled,1345,998,68.18376618407356,66.5269119345812,0.0033561250020284206
70,0,scale2,corrupt100,fixed_2_controlled,1775,967,66.5269119345812,66.5269119345812,0.004919667000649497
70,1,scale2,clean,adaptive,51,176,55.798989873223334,55.79898987322329,0.0002684169994608965
70,1,scale2,clean,fixed_1_controlled,51,176,55.798989873223334,55.79898987322329,0.00024766699789324775
70,1,scale2,clean,fixed_2_controlled,51,176,55.798989873223334,55.79898987322329,0.0002443749981466681
70,1,scale2,corrupt50,adaptive,159,259,55.798989873223334,55.79898987322329,0.0004282080008124467
70,1,scale2,corrupt50,fixed_1_controlled,275,371,55.798989873223334,55.79898987322329,0.0007126669988792855
70,1,scale2,corrupt50,fixed_2_controlled,120,283,56.384776310850235,55.79898987322329,0.00046179199853213504
70,1,scale2,corrupt100,adaptive,60,168,56.384776310850235,55.79898987322329,0.00018654099767445587
70,1,scale2,corrupt100,fixed_1_controlled,54,161,55.798989873223334,55.79898987322329,0.0001659579975239467
70,1,scale2,corrupt100,fixed_2_controlled,152,394,57.55634918610404,55.79898987322329,0.0007043749974400271
70,2,scale2,clean,adaptive,47,157,50.97056274847714,50.97056274847714,0.0002345829998375848
70,2,scale2,clean,fixed_1_controlled,47,157,50.97056274847714,50.97056274847714,0.00022087499746703543
70,2,scale2,clean,fixed_2_controlled,47,157,50.97056274847714,50.97056274847714,0.00021808400197187439
70,2,scale2,corrupt50,adaptive,507,585,50.97056274847714,50.97056274847714,0.0013053749971732032
70,2,scale2,corrupt50,fixed_1_controlled,1268,1461,50.97056274847714,50.97056274847714,0.0029801250020682346
70,2,scale2,corrupt50,fixed_2_controlled,628,728,50.97056274847714,50.97056274847714,0.001644084000872681
70,2,scale2,corrupt100,adaptive,490,585,50.97056274847714,50.97056274847714,0.0010559580005065072
70,2,scale2,corrupt100,fixed_1_controlled,936,1104,50.97056274847714,50.97056274847714,0.001921708000736544
70,2,scale2,corrupt100,fixed_2_controlled,384,649,50.97056274847714,50.97056274847714,0.001193084000988165
73,0,scale2,clean,adaptive,369,226,38.04163056034262,38.04163056034261,0.0011273329982941505
73,0,scale2,clean,fixed_1_controlled,333,229,38.04163056034262,38.04163056034261,0.0009760409993759822
73,0,scale2,clean,fixed_2_controlled,430,230,38.04163056034262,38.04163056034261,0.0014094580001255963
73,0,scale2,corrupt50,adaptive,443,539,38.04163056034262,38.04163056034261,0.0012754170020343736
73,0,scale2,corrupt50,fixed_1_controlled,1330,1471,38.04163056034262,38.04163056034261,0.004311374999815598
73,0,scale2,corrupt50,fixed_2_controlled,306,460,38.62741699796952,38.04163056034261,0.001274457998079015
73,0,scale2,corrupt100,adaptive,443,539,38.04163056034262,38.04163056034261,0.0012933750003867317
73,0,scale2,corrupt100,fixed_1_controlled,1519,1665,38.04163056034262,38.04163056034261,0.004462499997316627
73,0,scale2,corrupt100,fixed_2_controlled,1855,2107,38.04163056034262,38.04163056034261,0.0062575420015491545
73,1,scale2,clean,adaptive,756,905,139.39696961967,139.39696961967,0.002190374998463085
73,1,scale2,clean,fixed_1_controlled,819,906,139.39696961967,139.39696961967,0.002259042001242051
73,1,scale2,clean,fixed_2_controlled,1466,899,139.39696961967,139.39696961967,0.003996957999333972
73,1,scale2,corrupt50,adaptive,1403,1534,139.39696961967,139.39696961967,0.0037740420011687092
73,1,scale2,corrupt50,fixed_1_controlled,1256,1355,141.9827560572969,139.39696961967,0.003329875002236804
73,1,scale2,corrupt50,fixed_2_controlled,1690,1425,147.63961030678928,139.39696961967,0.004421958998136688
73,1,scale2,corrupt100,adaptive,1371,1534,139.39696961967,139.39696961967,0.004114957999263424
73,1,scale2,corrupt100,fixed_1_controlled,1533,1728,141.1543289325507,139.39696961967,0.0039806249988032505
73,1,scale2,corrupt100,fixed_2_controlled,1985,1770,145.1543289325507,139.39696961967,0.005611791002593236
73,2,scale2,clean,adaptive,746,982,144.22539674441617,144.22539674441623,0.001856584000051953
73,2,scale2,clean,fixed_1_controlled,743,982,144.22539674441617,144.22539674441623,0.0017084999999497086
73,2,scale2,clean,fixed_2_controlled,1081,975,144.22539674441617,144.22539674441623,0.0027631250013655517
73,2,scale2,corrupt50,adaptive,1006,1240,144.22539674441617,144.22539674441623,0.002469750001182547
73,2,scale2,corrupt50,fixed_1_controlled,746,1000,145.88225099390857,144.22539674441623,0.001773874999344116
73,2,scale2,corrupt50,fixed_2_controlled,747,1000,145.88225099390857,144.22539674441623,0.0019356670018169098
73,2,scale2,corrupt100,adaptive,2443,2575,144.22539674441617,144.22539674441623,0.0063402080013474915
73,2,scale2,corrupt100,fixed_1_controlled,1049,1163,145.0538238691624,144.22539674441623,0.0026823330008483026
73,2,scale2,corrupt100,fixed_2_controlled,19223,4032,144.22539674441617,144.22539674441623,0.042649792001611786
90,0,scale2,clean,adaptive,154,204,56.76955262170048,56.769552621700434,0.000524209001014242
90,0,scale2,clean,fixed_1_controlled,276,371,57.35533905932738,56.769552621700434,0.0008061660009843763
90,0,scale2,clean,fixed_2_controlled,156,204,56.76955262170048,56.769552621700434,0.00044645800153375603
90,0,scale2,corrupt50,adaptive,1167,1360,56.76955262170048,56.769552621700434,0.0027187080013391096
90,0,scale2,corrupt50,fixed_1_controlled,616,829,56.76955262170048,56.769552621700434,0.0015707499987911433
90,0,scale2,corrupt50,fixed_2_controlled,123,325,62.568542494923804,56.769552621700434,0.0005122500006109476
90,0,scale2,corrupt100,adaptive,1181,1380,56.76955262170048,56.769552621700434,0.0025610839984437916
90,0,scale2,corrupt100,fixed_1_controlled,1463,1062,73.11269837220809,56.769552621700434,0.0038030420000723097
90,0,scale2,corrupt100,fixed_2_controlled,97,322,59.112698372208094,56.769552621700434,0.0005034579990024213
90,1,scale2,clean,adaptive,27,109,31.79898987322333,31.798989873223338,0.0001539999975648243
90,1,scale2,clean,fixed_1_controlled,32,111,32.384776310850235,31.798989873223338,0.0001436669990653172
90,1,scale2,clean,fixed_2_controlled,27,109,31.79898987322333,31.798989873223338,0.00013266599853523076
90,1,scale2,corrupt50,adaptive,228,319,31.79898987322333,31.798989873223338,0.000531375000718981
90,1,scale2,corrupt50,fixed_1_controlled,1039,1195,31.79898987322333,31.798989873223338,0.0021957919998385478
90,1,scale2,corrupt50,fixed_2_controlled,113,300,31.79898987322333,31.798989873223338,0.0004476249996514525
90,1,scale2,corrupt100,adaptive,265,314,31.79898987322333,31.798989873223338,0.000685041999531677
90,1,scale2,corrupt100,fixed_1_controlled,209,281,31.79898987322333,31.798989873223338,0.0005394170002546161
90,1,scale2,corrupt100,fixed_2_controlled,225,379,31.79898987322333,31.798989873223338,0.0007085409997671377
90,2,scale2,clean,adaptive,420,308,53.698484809835,53.69848480983497,0.001078583998605609
90,2,scale2,clean,fixed_1_controlled,275,308,53.698484809835,53.69848480983497,0.0007332090026466176
90,2,scale2,clean,fixed_2_controlled,253,279,53.698484809835,53.69848480983497,0.0007127079989004415
90,2,scale2,corrupt50,adaptive,820,935,53.698484809835,53.69848480983497,0.001982290999876568
90,2,scale2,corrupt50,fixed_1_controlled,328,473,53.698484809835,53.69848480983497,0.0008980000020528678
90,2,scale2,corrupt50,fixed_2_controlled,615,443,55.35533905932738,53.69848480983497,0.0016605409982730635
90,2,scale2,corrupt100,adaptive,898,944,53.698484809835,53.69848480983497,0.0022166249982547015
90,2,scale2,corrupt100,fixed_1_controlled,443,530,53.698484809835,53.69848480983497,0.0012921249981445726
90,2,scale2,corrupt100,fixed_2_controlled,294,375,54.87005768508881,53.69848480983497,0.0009081249991140794
94,0,scale2,clean,adaptive,63,204,64.48528137423857,64.48528137423855,0.0002862090004782658
94,0,scale2,clean,fixed_1_controlled,63,204,64.48528137423857,64.48528137423855,0.0002641669998411089
94,0,scale2,clean,fixed_2_controlled,63,204,64.48528137423857,64.48528137423855,0.0002605840018077288
94,0,scale2,corrupt50,adaptive,188,304,70.2842712474619,64.48528137423855,0.0005578749987762421
94,0,scale2,corrupt50,fixed_1_controlled,183,307,71.11269837220809,64.48528137423855,0.0004652919997170102
94,0,scale2,corrupt50,fixed_2_controlled,623,844,71.94112549695429,64.48528137423855,0.0022412920006900094
94,0,scale2,corrupt100,adaptive,517,638,64.48528137423857,64.48528137423855,0.0011725420008588117
94,0,scale2,corrupt100,fixed_1_controlled,1291,1366,64.48528137423857,64.48528137423855,0.002939666999736801
94,0,scale2,corrupt100,fixed_2_controlled,1782,2026,64.48528137423857,64.48528137423855,0.004878291001659818
94,1,scale2,clean,adaptive,110,264,64.04163056034261,62.3847763108502,0.0004445000013220124
94,1,scale2,clean,fixed_1_controlled,109,261,63.21320343559643,62.3847763108502,0.0004063340020366013
94,1,scale2,clean,fixed_2_controlled,111,264,64.04163056034261,62.3847763108502,0.00037800000063725747
94,1,scale2,corrupt50,adaptive,848,951,62.384776310850235,62.3847763108502,0.0020867919993179385
94,1,scale2,corrupt50,fixed_1_controlled,413,459,65.698484809835,62.3847763108502,0.0011775420025514904
94,1,scale2,corrupt50,fixed_2_controlled,381,428,65.698484809835,62.3847763108502,0.0011115839988633525
94,1,scale2,corrupt100,adaptive,925,1013,62.384776310850235,62.3847763108502,0.00246612499904586
94,1,scale2,corrupt100,fixed_1_controlled,2490,2397,62.384776310850235,62.3847763108502,0.006473457997344667
94,1,scale2,corrupt100,fixed_2_controlled,3106,1775,68.18376618407356,62.3847763108502,0.008615165999799501
94,2,scale2,clean,adaptive,61,251,74.08326112068524,74.08326112068518,0.0003455000005487818
94,2,scale2,clean,fixed_1_controlled,61,251,74.08326112068524,74.08326112068518,0.00032879100035643205
94,2,scale2,clean,fixed_2_controlled,61,251,74.08326112068524,74.08326112068518,0.0003265000013925601
94,2,scale2,corrupt50,adaptive,1116,1273,74.08326112068524,74.08326112068518,0.003098041001067031
94,2,scale2,corrupt50,fixed_1_controlled,777,717,77.39696961967,74.08326112068518,0.0021587909977824893
94,2,scale2,corrupt50,fixed_2_controlled,88,333,85.25483399593904,74.08326112068518,0.000427167000452755
94,2,scale2,corrupt100,adaptive,142,346,75.74011537017762,74.08326112068518,0.0004221659983159043
94,2,scale2,corrupt100,fixed_1_controlled,130,333,75.74011537017762,74.08326112068518,0.00037504099964280613
94,2,scale2,corrupt100,fixed_2_controlled,182,462,77.15432893255071,74.08326112068518,0.0006568749995494727
1,0,weighted,clean,adaptive,861,840,120.76955262170047,120.76955262170047,0.002809666999382898
1,0,weighted,clean,fixed_1_controlled,1055,846,120.76955262170047,120.76955262170047,0.0035053749998041894
1,0,weighted,clean,fixed_2_controlled,1239,835,120.76955262170047,120.76955262170047,0.004396124997583684
1,0,weighted,corrupt50,adaptive,887,924,120.76955262170047,120.76955262170047,0.0027622909983620048
1,0,weighted,corrupt50,fixed_1_controlled,1250,1073,120.76955262170047,120.76955262170047,0.005356207999284379
1,0,weighted,corrupt50,fixed_2_controlled,1566,1175,120.76955262170047,120.76955262170047,0.005794790999061661
1,0,weighted,corrupt100,adaptive,951,907,120.76955262170047,120.76955262170047,0.003984584000136238
1,0,weighted,corrupt100,fixed_1_controlled,1369,1120,120.76955262170047,120.76955262170047,0.005395625001256121
1,0,weighted,corrupt100,fixed_2_controlled,1856,1197,120.76955262170047,120.76955262170047,0.006429832999856444
1,1,weighted,clean,adaptive,802,802,120.76955262170047,120.76955262170044,0.0026132499988307245
1,1,weighted,clean,fixed_1_controlled,779,802,120.76955262170047,120.76955262170044,0.0030578749974665698
1,1,weighted,clean,fixed_2_controlled,929,792,120.76955262170047,120.76955262170044,0.003118417000223417
1,1,weighted,corrupt50,adaptive,768,802,120.76955262170047,120.76955262170044,0.002320542000234127
1,1,weighted,corrupt50,fixed_1_controlled,784,802,120.76955262170047,120.76955262170044,0.0025507499995001126
1,1,weighted,corrupt50,fixed_2_controlled,872,802,120.76955262170047,120.76955262170044,0.002673708000656916
1,1,weighted,corrupt100,adaptive,834,857,120.76955262170047,120.76955262170044,0.0026375829984317534
1,1,weighted,corrupt100,fixed_1_controlled,1085,1103,120.76955262170047,120.76955262170044,0.003641625000454951
1,1,weighted,corrupt100,fixed_2_controlled,1220,1112,120.76955262170047,120.76955262170044,0.0038160830008564517
1,2,weighted,clean,adaptive,1000,944,122.18376618407356,122.18376618407355,0.003218999998352956
1,2,weighted,clean,fixed_1_controlled,976,931,122.18376618407356,122.18376618407355,0.002952625000034459
1,2,weighted,clean,fixed_2_controlled,1118,934,122.18376618407356,122.18376618407355,0.003829500001302222
1,2,weighted,corrupt50,adaptive,1010,1018,122.18376618407356,122.18376618407355,0.003169540999806486
1,2,weighted,corrupt50,fixed_1_controlled,1210,1203,122.18376618407356,122.18376618407355,0.0035740420025831554
1,2,weighted,corrupt50,fixed_2_controlled,1201,965,122.18376618407356,122.18376618407355,0.004054332999658072
1,2,weighted,corrupt100,adaptive,1022,1018,122.18376618407356,122.18376618407355,0.003109291999862762
1,2,weighted,corrupt100,fixed_1_controlled,1240,1212,122.18376618407356,122.18376618407355,0.003914916000212543
1,2,weighted,corrupt100,fixed_2_controlled,1331,1196,122.18376618407356,122.18376618407355,0.004220958002406405
2,0,weighted,clean,adaptive,170,173,34.071067811865476,34.071067811865476,0.000652291997539578
2,0,weighted,clean,fixed_1_controlled,169,173,34.071067811865476,34.071067811865476,0.0006213749984453898
2,0,weighted,clean,fixed_2_controlled,170,173,34.071067811865476,34.071067811865476,0.000639207999483915
2,0,weighted,corrupt50,adaptive,239,255,34.071067811865476,34.071067811865476,0.0007590829991386272
2,0,weighted,corrupt50,fixed_1_controlled,206,217,34.071067811865476,34.071067811865476,0.0006162089994177222
2,0,weighted,corrupt50,fixed_2_controlled,120,171,34.071067811865476,34.071067811865476,0.0003985410003224388
2,0,weighted,corrupt100,adaptive,215,255,34.071067811865476,34.071067811865476,0.0005917919988860376
2,0,weighted,corrupt100,fixed_1_controlled,363,399,34.071067811865476,34.071067811865476,0.0009504580011707731
2,0,weighted,corrupt100,fixed_2_controlled,215,295,34.071067811865476,34.071067811865476,0.0007057090006128419
2,1,weighted,clean,adaptive,475,573,80.48528137423857,80.48528137423855,0.0014345419986057095
2,1,weighted,clean,fixed_1_controlled,301,382,80.48528137423857,80.48528137423855,0.0008724580002308358
2,1,weighted,clean,fixed_2_controlled,308,381,80.48528137423857,80.48528137423855,0.0008885839997674339
2,1,weighted,corrupt50,adaptive,691,767,80.48528137423857,80.48528137423855,0.0017178750022139866
2,1,weighted,corrupt50,fixed_1_controlled,937,1008,80.48528137423857,80.48528137423855,0.0024780830026429612
2,1,weighted,corrupt50,fixed_2_controlled,720,810,80.48528137423857,80.48528137423855,0.0020790000016859267
2,1,weighted,corrupt100,adaptive,691,767,80.48528137423857,80.48528137423855,0.0017804159979277756
2,1,weighted,corrupt100,fixed_1_controlled,917,990,80.48528137423857,80.48528137423855,0.002439249998133164
2,1,weighted,corrupt100,fixed_2_controlled,675,799,82.14213562373095,80.48528137423855,0.0020488750014919788
2,2,weighted,clean,adaptive,42,81,16.899494936611667,16.899494936611667,0.00015620799968019128
2,2,weighted,clean,fixed_1_controlled,51,92,16.899494936611667,16.899494936611667,0.00020133299767621793
2,2,weighted,clean,fixed_2_controlled,43,81,16.899494936611667,16.899494936611667,0.00015033299860078841
2,2,weighted,corrupt50,adaptive,88,129,16.899494936611667,16.899494936611667,0.00023499999952036887
2,2,weighted,corrupt50,fixed_1_controlled,237,279,16.899494936611667,16.899494936611667,0.000583999997616047
2,2,weighted,corrupt50,fixed_2_controlled,369,422,16.899494936611667,16.899494936611667,0.000992332999885548
2,2,weighted,corrupt100,adaptive,88,129,16.899494936611667,16.899494936611667,0.00023370900089503266
2,2,weighted,corrupt100,fixed_1_controlled,191,229,16.899494936611667,16.899494936611667,0.00048262500058626756
2,2,weighted,corrupt100,fixed_2_controlled,255,294,16.899494936611667,16.899494936611667,0.0007280420031747781
8,0,weighted,clean,adaptive,394,480,76.38477631085024,76.3847763108502,0.00119937500130618
8,0,weighted,clean,fixed_1_controlled,290,369,76.38477631085024,76.3847763108502,0.0008580000030633528
8,0,weighted,clean,fixed_2_controlled,319,369,76.38477631085024,76.3847763108502,0.0009748330012371298
8,0,weighted,corrupt50,adaptive,597,704,76.38477631085024,76.3847763108502,0.0017277919978369027
8,0,weighted,corrupt50,fixed_1_controlled,743,828,76.38477631085024,76.3847763108502,0.002176874997530831
8,0,weighted,corrupt50,fixed_2_controlled,850,862,76.38477631085024,76.3847763108502,0.002366333003010368
8,0,weighted,corrupt100,adaptive,597,704,76.38477631085024,76.3847763108502,0.001575416998093715
8,0,weighted,corrupt100,fixed_1_controlled,714,806,76.38477631085024,76.3847763108502,0.0019672499984153546
8,0,weighted,corrupt100,fixed_2_controlled,803,847,76.38477631085024,76.3847763108502,0.0022030420004739426
8,1,weighted,clean,adaptive,884,907,111.07106781186548,111.07106781186546,0.002423499998258194
8,1,weighted,clean,fixed_1_controlled,876,907,111.07106781186548,111.07106781186546,0.0024053330016613472
8,1,weighted,clean,fixed_2_controlled,936,907,111.07106781186548,111.07106781186546,0.0025624580011935905
8,1,weighted,corrupt50,adaptive,878,907,111.07106781186548,111.07106781186546,0.0026020000004791655
8,1,weighted,corrupt50,fixed_1_controlled,876,907,111.07106781186548,111.07106781186546,0.0026524579989199992
8,1,weighted,corrupt50,fixed_2_controlled,881,907,111.07106781186548,111.07106781186546,0.0024101249982777517
8,1,weighted,corrupt100,adaptive,1128,1151,111.07106781186548,111.07106781186546,0.00311712499751593
8,1,weighted,corrupt100,fixed_1_controlled,966,994,111.07106781186548,111.07106781186546,0.0024793750017124694
8,1,weighted,corrupt100,fixed_2_controlled,900,907,111.07106781186548,111.07106781186546,0.002488582998921629
8,2,weighted,clean,adaptive,1273,1269,134.38477631085024,134.38477631085024,0.0034823749992938247
8,2,weighted,clean,fixed_1_controlled,1276,1269,134.38477631085024,134.38477631085024,0.0037038330010545906
8,2,weighted,clean,fixed_2_controlled,1563,1269,134.38477631085024,134.38477631085024,0.005351291998522356
8,2,weighted,corrupt50,adaptive,1274,1269,134.38477631085024,134.38477631085024,0.003820917001576163
8,2,weighted,corrupt50,fixed_1_controlled,1276,1269,134.38477631085024,134.38477631085024,0.004363833999377675
8,2,weighted,corrupt50,fixed_2_controlled,1527,1269,134.38477631085024,134.38477631085024,0.00459808300001896
8,2,weighted,corrupt100,adaptive,1266,1275,134.38477631085024,134.38477631085024,0.003892333999829134
8,2,weighted,corrupt100,fixed_1_controlled,1270,1277,134.38477631085024,134.38477631085024,0.003258959000959294
8,2,weighted,corrupt100,fixed_2_controlled,1307,1269,134.38477631085024,134.38477631085024,0.003708541000378318
22,0,weighted,clean,adaptive,1026,1096,102.31370849898477,102.31370849898474,0.0030926250001357403
22,0,weighted,clean,fixed_1_controlled,970,1026,102.31370849898477,102.31370849898474,0.0028544160013552755
22,0,weighted,clean,fixed_2_controlled,980,1025,102.31370849898477,102.31370849898474,0.0026320830002077855
22,0,weighted,corrupt50,adaptive,1157,1210,102.31370849898477,102.31370849898474,0.0030700829993293155
22,0,weighted,corrupt50,fixed_1_controlled,1205,1264,102.31370849898477,102.31370849898474,0.0031429999980900902
22,0,weighted,corrupt50,fixed_2_controlled,1015,1072,102.31370849898477,102.31370849898474,0.002880625001125736
22,0,weighted,corrupt100,adaptive,1122,1192,102.31370849898477,102.31370849898474,0.0030169580022629816
22,0,weighted,corrupt100,fixed_1_controlled,1108,1174,102.31370849898477,102.31370849898474,0.0028755000021192245
22,0,weighted,corrupt100,fixed_2_controlled,1146,1208,102.31370849898477,102.31370849898474,0.0029833330008841585
22,1,weighted,clean,adaptive,19,65,16.48528137423857,16.48528137423857,0.0001062500014086254
22,1,weighted,clean,fixed_1_controlled,19,65,16.48528137423857,16.48528137423857,9.862499791779555e-05
22,1,weighted,clean,fixed_2_controlled,19,65,16.48528137423857,16.48528137423857,9.604099977877922e-05
22,1,weighted,corrupt50,adaptive,62,110,16.48528137423857,16.48528137423857,0.00020158400002401322
22,1,weighted,corrupt50,fixed_1_controlled,103,143,16.48528137423857,16.48528137423857,0.0003223329986212775
22,1,weighted,corrupt50,fixed_2_controlled,246,190,16.48528137423857,16.48528137423857,0.000817542000731919
22,1,weighted,corrupt100,adaptive,91,141,16.48528137423857,16.48528137423857,0.00028316700263530947
22,1,weighted,corrupt100,fixed_1_controlled,151,184,16.48528137423857,16.48528137423857,0.0004685420026362408
22,1,weighted,corrupt100,fixed_2_controlled,374,276,17.071067811865476,16.48528137423857,0.001216874999954598
22,2,weighted,clean,adaptive,329,394,31.727922061357855,31.727922061357862,0.0011157080007251352
22,2,weighted,clean,fixed_1_controlled,221,288,31.727922061357855,31.727922061357862,0.0007525420005549677
22,2,weighted,clean,fixed_2_controlled,291,280,31.727922061357855,31.727922061357862,0.000979749998805346
22,2,weighted,corrupt50,adaptive,328,393,31.727922061357855,31.727922061357862,0.0010067080002045259
22,2,weighted,corrupt50,fixed_1_controlled,417,496,31.727922061357855,31.727922061357862,0.001219624999066582
22,2,weighted,corrupt50,fixed_2_controlled,539,619,31.727922061357855,31.727922061357862,0.0015957499999785796
22,2,weighted,corrupt100,adaptive,328,393,31.727922061357855,31.727922061357862,0.0009017910015245434
22,2,weighted,corrupt100,fixed_1_controlled,416,499,31.727922061357855,31.727922061357862,0.0012863339979958255
22,2,weighted,corrupt100,fixed_2_controlled,540,623,31.727922061357855,31.727922061357862,0.0017891249990498181
35,0,weighted,clean,adaptive,619,530,127.87005768508881,127.87005768508881,0.001707915998849785
35,0,weighted,clean,fixed_1_controlled,589,530,127.87005768508881,127.87005768508881,0.001639542002521921
35,0,weighted,clean,fixed_2_controlled,621,530,127.87005768508881,127.87005768508881,0.0016942080001172144
35,0,weighted,corrupt50,adaptive,600,591,127.87005768508881,127.87005768508881,0.0016857500013429672
35,0,weighted,corrupt50,fixed_1_controlled,688,668,127.87005768508881,127.87005768508881,0.0018767920009850059
35,0,weighted,corrupt50,fixed_2_controlled,1143,726,127.87005768508881,127.87005768508881,0.003319167000881862
35,0,weighted,corrupt100,adaptive,574,576,127.87005768508881,127.87005768508881,0.0016166670029633678
35,0,weighted,corrupt100,fixed_1_controlled,578,586,127.87005768508881,127.87005768508881,0.0016343749994121026
35,0,weighted,corrupt100,fixed_2_controlled,706,594,129.5269119345812,127.87005768508881,0.002244708000944229
35,1,weighted,clean,adaptive,41,75,28.870057685088806,28.87005768508881,0.00015529099982813932
35,1,weighted,clean,fixed_1_controlled,42,76,28.870057685088806,28.87005768508881,0.00014649999866378494
35,1,weighted,clean,fixed_2_controlled,39,73,28.870057685088806,28.87005768508881,0.0001409579999744892
35,1,weighted,corrupt50,adaptive,55,92,28.870057685088806,28.87005768508881,0.00017437499991501682
35,1,weighted,corrupt50,fixed_1_controlled,74,112,28.870057685088806,28.87005768508881,0.0002119170021614991
35,1,weighted,corrupt50,fixed_2_controlled,120,164,29.45584412271571,28.87005768508881,0.0003366660021129064
35,1,weighted,corrupt100,adaptive,66,102,28.870057685088806,28.87005768508881,0.0001846250015660189
35,1,weighted,corrupt100,fixed_1_controlled,71,112,28.870057685088806,28.87005768508881,0.00019262500063632615
35,1,weighted,corrupt100,fixed_2_controlled,73,114,28.870057685088806,28.87005768508881,0.00019500000053085387
35,2,weighted,clean,adaptive,491,573,76.62741699796952,76.62741699796948,0.0015635000017937273
35,2,weighted,clean,fixed_1_controlled,263,326,76.62741699796952,76.62741699796948,0.0007949579994601663
35,2,weighted,clean,fixed_2_controlled,299,317,76.62741699796952,76.62741699796948,0.0008888340016710572
35,2,weighted,corrupt50,adaptive,320,387,76.62741699796952,76.62741699796948,0.0009912919995258562
35,2,weighted,corrupt50,fixed_1_controlled,320,387,76.62741699796952,76.62741699796948,0.0008615830010967329
35,2,weighted,corrupt50,fixed_2_controlled,325,387,76.62741699796952,76.62741699796948,0.0008815840010356624
35,2,weighted,corrupt100,adaptive,530,628,76.62741699796952,76.62741699796948,0.0014699170023959596
35,2,weighted,corrupt100,fixed_1_controlled,625,711,76.62741699796952,76.62741699796948,0.0016451249975943938
35,2,weighted,corrupt100,fixed_2_controlled,688,759,76.62741699796952,76.62741699796948,0.001991334000194911
36,0,weighted,clean,adaptive,449,471,54.31370849898476,54.31370849898477,0.0013740419999521691
36,0,weighted,clean,fixed_1_controlled,419,471,54.31370849898476,54.31370849898477,0.0012567090016091242
36,0,weighted,clean,fixed_2_controlled,469,471,54.31370849898476,54.31370849898477,0.001470749997679377
36,0,weighted,corrupt50,adaptive,579,617,54.31370849898476,54.31370849898477,0.0016817499999888241
36,0,weighted,corrupt50,fixed_1_controlled,471,506,54.31370849898476,54.31370849898477,0.0013918750009906944
36,0,weighted,corrupt50,fixed_2_controlled,398,367,54.31370849898476,54.31370849898477,0.0012400830019032583
36,0,weighted,corrupt100,adaptive,578,617,54.31370849898476,54.31370849898477,0.001573083998664515
36,0,weighted,corrupt100,fixed_1_controlled,491,521,54.31370849898476,54.31370849898477,0.0014500830002361909
36,0,weighted,corrupt100,fixed_2_controlled,455,399,54.31370849898476,54.31370849898477,0.0014845000005152542
36,1,weighted,clean,adaptive,43,80,46.242640687119284,46.24264068711928,0.00014433300020755269
36,1,weighted,clean,fixed_1_controlled,50,87,46.242640687119284,46.24264068711928,0.00015262499800883234
36,1,weighted,clean,fixed_2_controlled,43,80,46.242640687119284,46.24264068711928,0.00013550000221584924
36,1,weighted,corrupt50,adaptive,72,112,46.242640687119284,46.24264068711928,0.00019554200116544962
36,1,weighted,corrupt50,fixed_1_controlled,96,139,46.242640687119284,46.24264068711928,0.00023933299962664023
36,1,weighted,corrupt50,fixed_2_controlled,347,444,46.242640687119284,46.24264068711928,0.0010484580016054679
36,1,weighted,corrupt100,adaptive,64,107,46.242640687119284,46.24264068711928,0.00017745800141710788
36,1,weighted,corrupt100,fixed_1_controlled,63,104,46.242640687119284,46.24264068711928,0.00016562499877181835
36,1,weighted,corrupt100,fixed_2_controlled,64,104,46.242640687119284,46.24264068711928,0.0001759999977366533
36,2,weighted,clean,adaptive,916,943,99.48528137423857,99.48528137423857,0.0029572499988717027
36,2,weighted,clean,fixed_1_controlled,910,930,99.48528137423857,99.48528137423857,0.002697416999581037
36,2,weighted,clean,fixed_2_controlled,988,927,99.48528137423857,99.48528137423857,0.0029092919976392295
36,2,weighted,corrupt50,adaptive,921,944,99.48528137423857,99.48528137423857,0.0026635829999577254
36,2,weighted,corrupt50,fixed_1_controlled,984,990,99.48528137423857,99.48528137423857,0.0028036660005454905
36,2,weighted,corrupt50,fixed_2_controlled,1048,989,99.48528137423857,99.48528137423857,0.002978583001095103
36,2,weighted,corrupt100,adaptive,1009,939,99.48528137423857,99.48528137423857,0.0029914589977124706
36,2,weighted,corrupt100,fixed_1_controlled,951,992,99.48528137423857,99.48528137423857,0.0027075000034528784
36,2,weighted,corrupt100,fixed_2_controlled,1009,939,99.48528137423857,99.48528137423857,0.002944166997622233
38,0,weighted,clean,adaptive,160,230,37.798989873223334,37.79898987322332,0.0005502499989233911
38,0,weighted,clean,fixed_1_controlled,164,230,37.798989873223334,37.79898987322332,0.0005252500013739336
38,0,weighted,clean,fixed_2_controlled,159,230,37.798989873223334,37.79898987322332,0.0005447080002340954
38,0,weighted,corrupt50,adaptive,249,292,37.798989873223334,37.79898987322332,0.0007778330000292044
38,0,weighted,corrupt50,fixed_1_controlled,289,328,37.798989873223334,37.79898987322332,0.0008664589986437932
38,0,weighted,corrupt50,fixed_2_controlled,299,336,37.798989873223334,37.79898987322332,0.0008560830028727651
38,0,weighted,corrupt100,adaptive,233,283,37.798989873223334,37.79898987322332,0.0006423329978133552
38,0,weighted,corrupt100,fixed_1_controlled,192,259,38.62741699796952,37.79898987322332,0.0005303750003804453
38,0,weighted,corrupt100,fixed_2_controlled,217,303,40.87005768508881,37.79898987322332,0.0006645000030403025
38,1,weighted,clean,adaptive,702,686,74.14213562373095,74.14213562373095,0.0021333340009732638
38,1,weighted,clean,fixed_1_controlled,813,675,74.14213562373095,74.14213562373095,0.0025270410005759913
38,1,weighted,clean,fixed_2_controlled,868,675,74.14213562373095,74.14213562373095,0.0025732079993758816
38,1,weighted,corrupt50,adaptive,736,718,74.14213562373095,74.14213562373095,0.002121042001817841
38,1,weighted,corrupt50,fixed_1_controlled,725,689,74.14213562373095,74.14213562373095,0.0021364590029406827
38,1,weighted,corrupt50,fixed_2_controlled,538,431,74.14213562373095,74.14213562373095,0.0016082920010376256
38,1,weighted,corrupt100,adaptive,689,675,74.14213562373095,74.14213562373095,0.0020462079992285
38,1,weighted,corrupt100,fixed_1_controlled,703,713,74.14213562373095,74.14213562373095,0.001989959000638919
38,1,weighted,corrupt100,fixed_2_controlled,680,675,74.14213562373095,74.14213562373095,0.0020697500003734604
38,2,weighted,clean,adaptive,42,105,46.798989873223334,46.798989873223306,0.0001831660010793712
38,2,weighted,clean,fixed_1_controlled,53,120,46.798989873223334,46.798989873223306,0.0002019160019699484
38,2,weighted,clean,fixed_2_controlled,39,100,46.798989873223334,46.798989873223306,0.00016141599917318672
38,2,weighted,corrupt50,adaptive,50,117,46.798989873223334,46.798989873223306,0.00019249999968451448
38,2,weighted,corrupt50,fixed_1_controlled,56,126,46.798989873223334,46.798989873223306,0.00020279200180084445
38,2,weighted,corrupt50,fixed_2_controlled,47,114,46.798989873223334,46.798989873223306,0.00017904200285556726
38,2,weighted,corrupt100,adaptive,136,217,46.798989873223334,46.798989873223306,0.00042008399759652093
38,2,weighted,corrupt100,fixed_1_controlled,217,301,46.798989873223334,46.798989873223306,0.0006532500010507647
38,2,weighted,corrupt100,fixed_2_controlled,133,222,46.798989873223334,46.798989873223306,0.0004927920017507859
39,0,weighted,clean,adaptive,1126,1158,200.8700576850888,200.87005768508885,0.0032936669995251577
39,0,weighted,clean,fixed_1_controlled,1126,1158,200.8700576850888,200.87005768508885,0.0035256250012025703
39,0,weighted,clean,fixed_2_controlled,1134,1158,200.8700576850888,200.87005768508885,0.003211457998986589
39,0,weighted,corrupt50,adaptive,1120,1158,200.8700576850888,200.87005768508885,0.003363583000464132
39,0,weighted,corrupt50,fixed_1_controlled,1123,1158,200.8700576850888,200.87005768508885,0.0031252920016413555
39,0,weighted,corrupt50,fixed_2_controlled,1130,1158,200.8700576850888,200.87005768508885,0.00315329200020642
39,0,weighted,corrupt100,adaptive,1143,1178,200.8700576850888,200.87005768508885,0.003386500000488013
39,0,weighted,corrupt100,fixed_1_controlled,1192,1205,200.8700576850888,200.87005768508885,0.003398083001229679
39,0,weighted,corrupt100,fixed_2_controlled,1180,1158,200.8700576850888,200.87005768508885,0.003457458002230851
39,1,weighted,clean,adaptive,216,228,35.48528137423857,35.485281374238575,0.0007449170007021166
39,1,weighted,clean,fixed_1_controlled,197,222,35.48528137423857,35.485281374238575,0.0006846670003142208
39,1,weighted,clean,fixed_2_controlled,240,222,35.48528137423857,35.485281374238575,0.0008149160021275748
39,1,weighted,corrupt50,adaptive,309,348,35.48528137423857,35.485281374238575,0.0009092500004044268
39,1,weighted,corrupt50,fixed_1_controlled,356,308,35.48528137423857,35.485281374238575,0.0012019579990010243
39,1,weighted,corrupt50,fixed_2_controlled,300,255,37.97056274847714,35.485281374238575,0.0009777499981282745
39,1,weighted,corrupt100,adaptive,311,348,35.48528137423857,35.485281374238575,0.0010396249999757856
39,1,weighted,corrupt100,fixed_1_controlled,397,364,35.48528137423857,35.485281374238575,0.001329542003077222
39,1,weighted,corrupt100,fixed_2_controlled,409,368,36.31370849898476,35.485281374238575,0.0012800000004062895
39,2,weighted,clean,adaptive,771,814,127.79898987322333,127.79898987322329,0.0023248750003403984
39,2,weighted,clean,fixed_1_controlled,754,814,127.79898987322333,127.79898987322329,0.002183083001000341
39,2,weighted,clean,fixed_2_controlled,769,814,127.79898987322333,127.79898987322329,0.0021204170006967615
39,2,weighted,corrupt50,adaptive,968,983,127.79898987322333,127.79898987322329,0.0026609999986249022
39,2,weighted,corrupt50,fixed_1_controlled,943,976,127.79898987322333,127.79898987322329,0.0025305419985670596
39,2,weighted,corrupt50,fixed_2_controlled,865,908,127.79898987322333,127.79898987322329,0.0023051659991324414
39,2,weighted,corrupt100,adaptive,982,994,127.79898987322333,127.79898987322329,0.0026298750017303973
39,2,weighted,corrupt100,fixed_1_controlled,984,996,127.79898987322333,127.79898987322329,0.0025854159976006486
39,2,weighted,corrupt100,fixed_2_controlled,1022,1009,127.79898987322333,127.79898987322329,0.002701999997952953
42,0,weighted,clean,adaptive,17,70,19.31370849898476,19.313708498984766,0.0001192499985336326
42,0,weighted,clean,fixed_1_controlled,17,70,19.31370849898476,19.313708498984766,0.00010308299897587858
42,0,weighted,clean,fixed_2_controlled,17,70,19.31370849898476,19.313708498984766,0.00010037500032922253
42,0,weighted,corrupt50,adaptive,118,177,19.31370849898476,19.313708498984766,0.0004161670003668405
42,0,weighted,corrupt50,fixed_1_controlled,228,254,19.31370849898476,19.313708498984766,0.0007058750015858095
42,0,weighted,corrupt50,fixed_2_controlled,34,111,20.14213562373095,19.313708498984766,0.00018070900114253163
42,0,weighted,corrupt100,adaptive,109,161,19.31370849898476,19.313708498984766,0.0003630420033005066
42,0,weighted,corrupt100,fixed_1_controlled,202,250,19.31370849898476,19.313708498984766,0.0005628750004689209
42,0,weighted,corrupt100,fixed_2_controlled,362,441,19.31370849898476,19.313708498984766,0.0011958750001213048
42,1,weighted,clean,adaptive,897,919,110.48528137423857,108.14213562373094,0.0029439579993777443
42,1,weighted,clean,fixed_1_controlled,825,856,108.14213562373095,108.14213562373094,0.0025467910018051043
42,1,weighted,clean,fixed_2_controlled,851,824,108.14213562373095,108.14213562373094,0.0028229579984326847
42,1,weighted,corrupt50,adaptive,977,956,108.14213562373095,108.14213562373094,0.0029558749993157107
42,1,weighted,corrupt50,fixed_1_controlled,845,867,108.72792206135786,108.14213562373094,0.0026153750004596077
42,1,weighted,corrupt50,fixed_2_controlled,928,815,108.14213562373095,108.14213562373094,0.002905917001044145
42,1,weighted,corrupt100,adaptive,946,956,108.14213562373095,108.14213562373094,0.0028431659993657377
42,1,weighted,corrupt100,fixed_1_controlled,1218,1210,108.14213562373095,108.14213562373094,0.003598584000428673
42,1,weighted,corrupt100,fixed_2_controlled,1345,1195,108.14213562373095,108.14213562373094,0.004262417001882568
42,2,weighted,clean,adaptive,228,278,43.48528137423857,43.48528137423857,0.0007927080005174503
42,2,weighted,clean,fixed_1_controlled,228,278,43.48528137423857,43.48528137423857,0.0007792500000505242
42,2,weighted,clean,fixed_2_controlled,228,278,43.48528137423857,43.48528137423857,0.0007749169999442529
42,2,weighted,corrupt50,adaptive,434,495,43.48528137423857,43.48528137423857,0.0013704579978366382
42,2,weighted,corrupt50,fixed_1_controlled,264,319,43.48528137423857,43.48528137423857,0.0008270830003311858
42,2,weighted,corrupt50,fixed_2_controlled,179,212,43.48528137423857,43.48528137423857,0.0005531669994525146
42,2,weighted,corrupt100,adaptive,261,313,43.48528137423857,43.48528137423857,0.0007469579977623653
42,2,weighted,corrupt100,fixed_1_controlled,260,318,43.48528137423857,43.48528137423857,0.0007489999989047647
42,2,weighted,corrupt100,fixed_2_controlled,165,207,43.48528137423857,43.48528137423857,0.0005137499974807724
51,0,weighted,clean,adaptive,739,824,98.48528137423857,98.48528137423855,0.0022304579979390837
51,0,weighted,clean,fixed_1_controlled,560,658,98.48528137423857,98.48528137423855,0.001617624999198597
51,0,weighted,clean,fixed_2_controlled,480,580,98.48528137423857,98.48528137423855,0.0014016659988556057
51,0,weighted,corrupt50,adaptive,883,940,98.48528137423857,98.48528137423855,0.0025317920008092187
51,0,weighted,corrupt50,fixed_1_controlled,558,650,98.48528137423857,98.48528137423855,0.0016110420001496095
51,0,weighted,corrupt50,fixed_2_controlled,555,646,98.48528137423857,98.48528137423855,0.0016191669965337496
51,0,weighted,corrupt100,adaptive,883,940,98.48528137423857,98.48528137423855,0.002462624997860985
51,0,weighted,corrupt100,fixed_1_controlled,1225,1214,98.48528137423857,98.48528137423855,0.003446667000389425
51,0,weighted,corrupt100,fixed_2_controlled,1206,1267,98.48528137423857,98.48528137423855,0.003620999999839114
51,1,weighted,clean,adaptive,721,739,90.24264068711929,90.24264068711928,0.002218083001935156
51,1,weighted,clean,fixed_1_controlled,705,737,90.24264068711929,90.24264068711928,0.0020377500004542526
51,1,weighted,clean,fixed_2_controlled,762,737,90.24264068711929,90.24264068711928,0.00224237499787705
51,1,weighted,corrupt50,adaptive,763,737,90.24264068711929,90.24264068711928,0.0022988329983490985
51,1,weighted,corrupt50,fixed_1_controlled,740,737,90.24264068711929,90.24264068711928,0.0021477919981407467
51,1,weighted,corrupt50,fixed_2_controlled,851,737,90.24264068711929,90.24264068711928,0.002505291999113979
51,1,weighted,corrupt100,adaptive,790,788,90.24264068711929,90.24264068711928,0.002492999999958556
51,1,weighted,corrupt100,fixed_1_controlled,745,760,90.24264068711929,90.24264068711928,0.0022090829988883343
51,1,weighted,corrupt100,fixed_2_controlled,874,859,90.24264068711929,90.24264068711928,0.0026522910011408385
51,2,weighted,clean,adaptive,29,79,29.48528137423857,29.485281374238575,0.00013529100033338182
51,2,weighted,clean,fixed_1_controlled,31,81,29.48528137423857,29.485281374238575,0.00013595799828181043
51,2,weighted,clean,fixed_2_controlled,29,79,29.48528137423857,29.485281374238575,0.00012495800183387473
51,2,weighted,corrupt50,adaptive,96,150,29.48528137423857,29.485281374238575,0.00029629200071212836
51,2,weighted,corrupt50,fixed_1_controlled,198,266,29.48528137423857,29.485281374238575,0.0006057919999875594
51,2,weighted,corrupt50,fixed_2_controlled,347,434,29.48528137423857,29.485281374238575,0.0009180829983961303
51,2,weighted,corrupt100,adaptive,89,138,29.48528137423857,29.485281374238575,0.00026737499865703285
51,2,weighted,corrupt100,fixed_1_controlled,140,204,29.48528137423857,29.485281374238575,0.0003738330015039537
51,2,weighted,corrupt100,fixed_2_controlled,237,294,29.48528137423857,29.485281374238575,0.0006190839994815178
54,0,weighted,clean,adaptive,577,503,141.97056274847714,141.9705627484771,0.0016927500000747386
54,0,weighted,clean,fixed_1_controlled,569,503,141.97056274847714,141.9705627484771,0.001652582999668084
54,0,weighted,clean,fixed_2_controlled,692,503,141.97056274847714,141.9705627484771,0.002135957998689264
54,0,weighted,corrupt50,adaptive,631,667,141.97056274847714,141.9705627484771,0.001780624999810243
54,0,weighted,corrupt50,fixed_1_controlled,494,530,141.97056274847714,141.9705627484771,0.0014417499987757765
54,0,weighted,corrupt50,fixed_2_controlled,405,398,141.97056274847714,141.9705627484771,0.0011973750006291084
54,0,weighted,corrupt100,adaptive,699,667,141.97056274847714,141.9705627484771,0.001994334001210518
54,0,weighted,corrupt100,fixed_1_controlled,548,523,141.97056274847714,141.9705627484771,0.0016342080016329419
54,0,weighted,corrupt100,fixed_2_controlled,498,403,141.97056274847714,141.9705627484771,0.0014687080001749564
54,1,weighted,clean,adaptive,83,161,67.31370849898477,67.31370849898474,0.0003076659995713271
54,1,weighted,clean,fixed_1_controlled,93,169,67.31370849898477,67.31370849898474,0.00030979199800640345
54,1,weighted,clean,fixed_2_controlled,78,154,67.31370849898477,67.31370849898474,0.00027541699819266796
54,1,weighted,corrupt50,adaptive,244,318,67.31370849898477,67.31370849898474,0.0007065000027068891
54,1,weighted,corrupt50,fixed_1_controlled,397,467,67.31370849898477,67.31370849898474,0.0011290829970675986
54,1,weighted,corrupt50,fixed_2_controlled,551,584,67.31370849898477,67.31370849898474,0.0016214999996009283
54,1,weighted,corrupt100,adaptive,207,272,67.31370849898477,67.31370849898474,0.0005620419979095459
54,1,weighted,corrupt100,fixed_1_controlled,366,439,67.31370849898477,67.31370849898474,0.001044833999912953
54,1,weighted,corrupt100,fixed_2_controlled,497,535,67.31370849898477,67.31370849898474,0.001467124999180669
54,2,weighted,clean,adaptive,486,513,142.62741699796953,142.62741699796948,0.0016330420003214385
54,2,weighted,clean,fixed_1_controlled,465,513,142.62741699796953,142.62741699796948,0.0015657080002711155
54,2,weighted,clean,fixed_2_controlled,549,513,142.62741699796953,142.62741699796948,0.0016848340019350871
54,2,weighted,corrupt50,adaptive,655,683,142.62741699796953,142.62741699796948,0.001879041999927722
54,2,weighted,corrupt50,fixed_1_controlled,492,547,142.62741699796953,142.62741699796948,0.0014497499978460837
54,2,weighted,corrupt50,fixed_2_controlled,427,430,142.62741699796953,142.62741699796948,0.0013430409999273252
54,2,weighted,corrupt100,adaptive,638,683,142.62741699796953,142.62741699796948,0.001908624999487074
54,2,weighted,corrupt100,fixed_1_controlled,515,588,142.62741699796953,142.62741699796948,0.0015248749987222254
54,2,weighted,corrupt100,fixed_2_controlled,483,472,142.62741699796953,142.62741699796948,0.0014383329980773851
55,0,weighted,clean,adaptive,828,884,99.55634918610404,93.41421356237309,0.002330999999685446
55,0,weighted,clean,fixed_1_controlled,797,870,93.41421356237309,93.41421356237309,0.002283333000377752
55,0,weighted,clean,fixed_2_controlled,812,859,99.55634918610404,93.41421356237309,0.0022687919990858063
55,0,weighted,corrupt50,adaptive,827,881,99.55634918610404,93.41421356237309,0.0025305839990323875
55,0,weighted,corrupt50,fixed_1_controlled,799,856,99.55634918610404,93.41421356237309,0.0025309580014436506
55,0,weighted,corrupt50,fixed_2_controlled,811,856,99.55634918610404,93.41421356237309,0.0023477079994336236
55,0,weighted,corrupt100,adaptive,857,917,93.41421356237309,93.41421356237309,0.002610749997984385
55,0,weighted,corrupt100,fixed_1_controlled,791,865,94.24264068711929,93.41421356237309,0.002535208001063438
55,0,weighted,corrupt100,fixed_2_controlled,874,885,96.14213562373095,93.41421356237309,0.0027242079995630775
55,1,weighted,clean,adaptive,948,967,111.62741699796952,111.62741699796949,0.0028405000011844095
55,1,weighted,clean,fixed_1_controlled,889,929,111.62741699796952,111.62741699796949,0.0026334159992984496
55,1,weighted,clean,fixed_2_controlled,947,901,111.62741699796952,111.62741699796949,0.0027974580007139593
55,1,weighted,corrupt50,adaptive,1038,1074,111.62741699796952,111.62741699796949,0.0030485410024994053
55,1,weighted,corrupt50,fixed_1_controlled,956,1006,112.21320343559643,111.62741699796949,0.0028145830001449212
55,1,weighted,corrupt50,fixed_2_controlled,986,945,112.21320343559643,111.62741699796949,0.0031252090011548717
55,1,weighted,corrupt100,adaptive,909,899,112.21320343559643,111.62741699796949,0.0028943329998583067
55,1,weighted,corrupt100,fixed_1_controlled,905,899,112.21320343559643,111.62741699796949,0.00258916699749534
55,1,weighted,corrupt100,fixed_2_controlled,910,899,112.21320343559643,111.62741699796949,0.002689667002414353
55,2,weighted,clean,adaptive,1145,1128,122.97056274847714,122.97056274847711,0.0034001660023932345
55,2,weighted,clean,fixed_1_controlled,970,1030,122.97056274847714,122.97056274847711,0.003139915999781806
55,2,weighted,clean,fixed_2_controlled,1265,1021,122.97056274847714,122.97056274847711,0.003804208001383813
55,2,weighted,corrupt50,adaptive,1112,1128,122.97056274847714,122.97056274847711,0.0032475410007464234
55,2,weighted,corrupt50,fixed_1_controlled,1130,1147,122.97056274847714,122.97056274847711,0.003164207999361679
55,2,weighted,corrupt50,fixed_2_controlled,1188,1172,122.97056274847714,122.97056274847711,0.0033910830024979077
55,2,weighted,corrupt100,adaptive,1107,1128,122.97056274847714,122.97056274847711,0.0033776669988583308
55,2,weighted,corrupt100,fixed_1_controlled,1182,1204,122.97056274847714,122.97056274847711,0.003250833000493003
55,2,weighted,corrupt100,fixed_2_controlled,1241,1196,122.97056274847714,122.97056274847711,0.0039014169997244608
60,0,weighted,clean,adaptive,866,867,108.79898987322333,108.7989898732233,0.0027718330020434223
60,0,weighted,clean,fixed_1_controlled,793,806,108.79898987322333,108.7989898732233,0.0023993329996301327
60,0,weighted,clean,fixed_2_controlled,900,807,109.38477631085024,108.7989898732233,0.00283941700035939
60,0,weighted,corrupt50,adaptive,863,902,108.79898987322333,108.7989898732233,0.002656582997587975
60,0,weighted,corrupt50,fixed_1_controlled,859,880,109.62741699796952,108.7989898732233,0.002877666996937478
60,0,weighted,corrupt50,fixed_2_controlled,1239,1050,108.79898987322333,108.7989898732233,0.003804209001827985
60,0,weighted,corrupt100,adaptive,878,902,108.79898987322333,108.7989898732233,0.002674875002412591
60,0,weighted,corrupt100,fixed_1_controlled,776,829,108.79898987322333,108.7989898732233,0.0025009169985423796
60,0,weighted,corrupt100,fixed_2_controlled,757,718,108.79898987322333,108.7989898732233,0.002359666003030725
60,1,weighted,clean,adaptive,594,657,117.55634918610404,117.55634918610401,0.0018413750003674068
60,1,weighted,clean,fixed_1_controlled,583,656,117.55634918610404,117.55634918610401,0.001750999999785563
60,1,weighted,clean,fixed_2_controlled,619,656,117.55634918610404,117.55634918610401,0.001839541997469496
60,1,weighted,corrupt50,adaptive,724,763,117.55634918610404,117.55634918610401,0.0021088329995109234
60,1,weighted,corrupt50,fixed_1_controlled,817,857,117.55634918610404,117.55634918610401,0.002298542000062298
60,1,weighted,corrupt50,fixed_2_controlled,685,656,117.55634918610404,117.55634918610401,0.0020552080022753216
60,1,weighted,corrupt100,adaptive,695,763,117.55634918610404,117.55634918610401,0.001962083999387687
60,1,weighted,corrupt100,fixed_1_controlled,731,801,117.55634918610404,117.55634918610401,0.00216379199991934
60,1,weighted,corrupt100,fixed_2_controlled,693,682,118.38477631085024,117.55634918610401,0.002341333998629125
60,2,weighted,clean,adaptive,225,267,34.97056274847714,34.97056274847715,0.0008095839984889608
60,2,weighted,clean,fixed_1_controlled,152,196,34.97056274847714,34.97056274847715,0.0005348329978005495
60,2,weighted,clean,fixed_2_controlled,152,172,34.97056274847714,34.97056274847715,0.000508917000843212
60,2,weighted,corrupt50,adaptive,415,449,34.97056274847714,34.97056274847715,0.001198916997964261
60,2,weighted,corrupt50,fixed_1_controlled,278,313,34.97056274847714,34.97056274847715,0.0008594169994466938
60,2,weighted,corrupt50,fixed_2_controlled,294,330,34.97056274847714,34.97056274847715,0.0009647910010244232
60,2,weighted,corrupt100,adaptive,414,449,34.97056274847714,34.97056274847715,0.0012957910003024153
60,2,weighted,corrupt100,fixed_1_controlled,413,456,34.97056274847714,34.97056274847715,0.001298167000641115
60,2,weighted,corrupt100,fixed_2_controlled,270,342,34.97056274847714,34.97056274847715,0.0008653329969092738
63,0,weighted,clean,adaptive,909,976,136.21320343559643,136.21320343559645,0.0025693339994177222
63,0,weighted,clean,fixed_1_controlled,911,976,136.21320343559643,136.21320343559645,0.0026030000008177012
63,0,weighted,clean,fixed_2_controlled,987,976,136.21320343559643,136.21320343559645,0.0031150419999903534
63,0,weighted,corrupt50,adaptive,1085,1140,136.21320343559643,136.21320343559645,0.0031153339987213258
63,0,weighted,corrupt50,fixed_1_controlled,1235,1270,136.21320343559643,136.21320343559645,0.0036329169997770805
63,0,weighted,corrupt50,fixed_2_controlled,1294,1316,136.21320343559643,136.21320343559645,0.0037102079986652825
63,0,weighted,corrupt100,adaptive,1066,1127,136.21320343559643,136.21320343559645,0.0031918339991534594
63,0,weighted,corrupt100,fixed_1_controlled,915,1003,137.0416305603426,136.21320343559645,0.002656666998518631
63,0,weighted,corrupt100,fixed_2_controlled,930,992,137.0416305603426,136.21320343559645,0.0026743339985841885
63,1,weighted,clean,adaptive,904,934,113.31370849898477,113.31370849898474,0.0028217500002938323
63,1,weighted,clean,fixed_1_controlled,916,934,113.31370849898477,113.31370849898474,0.00271358400277677
63,1,weighted,clean,fixed_2_controlled,1071,934,113.31370849898477,113.31370849898474,0.0033858339993457776
63,1,weighted,corrupt50,adaptive,948,952,113.31370849898477,113.31370849898474,0.003191499999957159
63,1,weighted,corrupt50,fixed_1_controlled,1020,952,113.31370849898477,113.31370849898474,0.0029594999978144187
63,1,weighted,corrupt50,fixed_2_controlled,1153,952,113.31370849898477,113.31370849898474,0.003608957998949336
63,1,weighted,corrupt100,adaptive,1017,968,113.31370849898477,113.31370849898474,0.0030417910020332783
63,1,weighted,corrupt100,fixed_1_controlled,1092,987,114.97056274847714,113.31370849898474,0.0033252499997615814
63,1,weighted,corrupt100,fixed_2_controlled,1581,1008,115.79898987322333,113.31370849898474,0.004749540999910096
63,2,weighted,clean,adaptive,315,325,36.48528137423857,36.485281374238575,0.0011311250018479768
63,2,weighted,clean,fixed_1_controlled,246,236,36.48528137423857,36.485281374238575,0.000866541999130277
63,2,weighted,clean,fixed_2_controlled,308,236,36.48528137423857,36.485281374238575,0.0009786660011741333
63,2,weighted,corrupt50,adaptive,420,435,36.48528137423857,36.485281374238575,0.0013140420014678966
63,2,weighted,corrupt50,fixed_1_controlled,341,262,36.48528137423857,36.485281374238575,0.001093750001018634
63,2,weighted,corrupt50,fixed_2_controlled,118,163,38.72792206135786,36.485281374238575,0.0003887919992848765
63,2,weighted,corrupt100,adaptive,424,435,36.48528137423857,36.485281374238575,0.00131308399795671
63,2,weighted,corrupt100,fixed_1_controlled,516,453,36.48528137423857,36.485281374238575,0.0017779169975256082
63,2,weighted,corrupt100,fixed_2_controlled,647,508,36.48528137423857,36.485281374238575,0.002385791998676723
65,0,weighted,clean,adaptive,1051,1074,141.79898987322332,141.7989898732234,0.0033022909992723726
65,0,weighted,clean,fixed_1_controlled,1016,1038,141.79898987322332,141.7989898732234,0.0032246660011878703
65,0,weighted,clean,fixed_2_controlled,1203,1038,141.79898987322332,141.7989898732234,0.003631416999269277
65,0,weighted,corrupt50,adaptive,1111,1156,141.79898987322332,141.7989898732234,0.0032927920001384337
65,0,weighted,corrupt50,fixed_1_controlled,1295,1279,141.79898987322332,141.7989898732234,0.003731541997694876
65,0,weighted,corrupt50,fixed_2_controlled,1367,1038,141.79898987322332,141.7989898732234,0.004366290999314515
65,0,weighted,corrupt100,adaptive,1111,1156,141.79898987322332,141.7989898732234,0.0033022499992512167
65,0,weighted,corrupt100,fixed_1_controlled,1216,1253,141.79898987322332,141.7989898732234,0.0033544999969308265
65,0,weighted,corrupt100,fixed_2_controlled,1195,1123,141.79898987322332,141.7989898732234,0.0037923329982731957
65,1,weighted,clean,adaptive,600,596,74.14213562373095,74.14213562373095,0.0018191250019299332
65,1,weighted,clean,fixed_1_controlled,635,596,74.14213562373095,74.14213562373095,0.0018926670018117875
65,1,weighted,clean,fixed_2_controlled,768,596,74.14213562373095,74.14213562373095,0.002294540998263983
65,1,weighted,corrupt50,adaptive,638,626,74.14213562373095,74.14213562373095,0.0018864170015149284
65,1,weighted,corrupt50,fixed_1_controlled,694,623,74.14213562373095,74.14213562373095,0.0020305840007495135
65,1,weighted,corrupt50,fixed_2_controlled,588,555,74.14213562373095,74.14213562373095,0.0017543329995532986
65,1,weighted,corrupt100,adaptive,634,626,74.14213562373095,74.14213562373095,0.0019227919983677566
65,1,weighted,corrupt100,fixed_1_controlled,610,619,74.14213562373095,74.14213562373095,0.0018181669984187465
65,1,weighted,corrupt100,fixed_2_controlled,518,514,74.14213562373095,74.14213562373095,0.0017260409986192826
65,2,weighted,clean,adaptive,23,68,24.071067811865476,24.07106781186548,0.00013087499974062666
65,2,weighted,clean,fixed_1_controlled,23,68,24.071067811865476,24.07106781186548,0.00012041700028930791
65,2,weighted,clean,fixed_2_controlled,23,68,24.071067811865476,24.07106781186548,0.00011691699910443276
65,2,weighted,corrupt50,adaptive,66,108,24.071067811865476,24.07106781186548,0.00024879099873942323
65,2,weighted,corrupt50,fixed_1_controlled,47,99,24.071067811865476,24.07106781186548,0.00019225000141886994
65,2,weighted,corrupt50,fixed_2_controlled,238,331,24.071067811865476,24.07106781186548,0.0008985419990494847
65,2,weighted,corrupt100,adaptive,72,113,24.071067811865476,24.07106781186548,0.00024766700153122656
65,2,weighted,corrupt100,fixed_1_controlled,162,210,24.071067811865476,24.07106781186548,0.0004865830014750827
65,2,weighted,corrupt100,fixed_2_controlled,364,425,24.071067811865476,24.07106781186548,0.001131917000748217
66,0,weighted,clean,adaptive,35,121,43.04163056034262,43.041630560342604,0.0002013749981415458
66,0,weighted,clean,fixed_1_controlled,41,131,43.04163056034262,43.041630560342604,0.00021141699835425243
66,0,weighted,clean,fixed_2_controlled,35,121,43.04163056034262,43.041630560342604,0.00019220800095354207
66,0,weighted,corrupt50,adaptive,210,292,43.04163056034262,43.041630560342604,0.0006879159991513006
66,0,weighted,corrupt50,fixed_1_controlled,245,336,43.04163056034262,43.041630560342604,0.0007439590008289088
66,0,weighted,corrupt50,fixed_2_controlled,93,201,43.04163056034262,43.041630560342604,0.00038808400131529197
66,0,weighted,corrupt100,adaptive,228,317,43.04163056034262,43.041630560342604,0.0007916249996924307
66,0,weighted,corrupt100,fixed_1_controlled,460,546,43.04163056034262,43.041630560342604,0.001309416998992674
66,0,weighted,corrupt100,fixed_2_controlled,566,694,43.04163056034262,43.041630560342604,0.0016475000011269003
66,1,weighted,clean,adaptive,931,943,99.14213562373095,99.14213562373094,0.0027430419977463316
66,1,weighted,clean,fixed_1_controlled,866,909,99.14213562373095,99.14213562373094,0.0027232079992245417
66,1,weighted,clean,fixed_2_controlled,908,909,99.14213562373095,99.14213562373094,0.002636957997310674
66,1,weighted,corrupt50,adaptive,934,943,99.14213562373095,99.14213562373094,0.0028252909978618845
66,1,weighted,corrupt50,fixed_1_controlled,847,909,99.14213562373095,99.14213562373094,0.0027591660000325646
66,1,weighted,corrupt50,fixed_2_controlled,884,909,99.14213562373095,99.14213562373094,0.0027389160022721626
66,1,weighted,corrupt100,adaptive,966,970,99.14213562373095,99.14213562373094,0.0027707920016837306
66,1,weighted,corrupt100,fixed_1_controlled,902,922,99.14213562373095,99.14213562373094,0.0027407499983382877
66,1,weighted,corrupt100,fixed_2_controlled,1090,1046,99.14213562373095,99.14213562373094,0.0031509170003118925
66,2,weighted,clean,adaptive,853,852,112.21320343559643,112.2132034355964,0.0027802080003311858
66,2,weighted,clean,fixed_1_controlled,930,850,112.79898987322333,112.2132034355964,0.002896375001000706
66,2,weighted,clean,fixed_2_controlled,1109,829,112.21320343559643,112.2132034355964,0.003365334003319731
66,2,weighted,corrupt50,adaptive,970,943,112.21320343559643,112.2132034355964,0.0030399999996006954
66,2,weighted,corrupt50,fixed_1_controlled,1089,938,112.21320343559643,112.2132034355964,0.0035415840029600076
66,2,weighted,corrupt50,fixed_2_controlled,1467,1068,112.21320343559643,112.2132034355964,0.0048511669992876705
66,2,weighted,corrupt100,adaptive,975,943,112.21320343559643,112.2132034355964,0.0030582910003431607
66,2,weighted,corrupt100,fixed_1_controlled,1157,1069,112.21320343559643,112.2132034355964,0.003664959000161616
66,2,weighted,corrupt100,fixed_2_controlled,1241,952,112.79898987322333,112.2132034355964,0.0038054590004321653
70,0,weighted,clean,adaptive,723,679,88.38477631085024,88.38477631085024,0.002420832999632694
70,0,weighted,clean,fixed_1_controlled,731,679,88.38477631085024,88.38477631085024,0.002356959001190262
70,0,weighted,clean,fixed_2_controlled,1312,679,88.38477631085024,88.38477631085024,0.003982374997576699
70,0,weighted,corrupt50,adaptive,702,713,88.38477631085024,88.38477631085024,0.0022151670018502045
70,0,weighted,corrupt50,fixed_1_controlled,718,679,88.38477631085024,88.38477631085024,0.0023190419997263234
70,0,weighted,corrupt50,fixed_2_controlled,996,679,88.38477631085024,88.38477631085024,0.003023165998456534
70,0,weighted,corrupt100,adaptive,690,713,88.38477631085024,88.38477631085024,0.002343500000279164
70,0,weighted,corrupt100,fixed_1_controlled,819,713,88.38477631085024,88.38477631085024,0.0027606250005192123
70,0,weighted,corrupt100,fixed_2_controlled,958,690,88.38477631085024,88.38477631085024,0.0032047919994511176
70,1,weighted,clean,adaptive,420,529,87.89949493661166,87.89949493661165,0.0018492089984647464
70,1,weighted,clean,fixed_1_controlled,432,539,87.89949493661166,87.89949493661165,0.0014093750032770913
70,1,weighted,clean,fixed_2_controlled,380,487,87.89949493661166,87.89949493661165,0.001112250000005588
70,1,weighted,corrupt50,adaptive,651,714,87.89949493661166,87.89949493661165,0.0017935420000867452
70,1,weighted,corrupt50,fixed_1_controlled,495,606,87.89949493661166,87.89949493661165,0.001732541000819765
70,1,weighted,corrupt50,fixed_2_controlled,363,468,87.89949493661166,87.89949493661165,0.0012107910006307065
70,1,weighted,corrupt100,adaptive,651,714,87.89949493661166,87.89949493661165,0.0018577500013634562
70,1,weighted,corrupt100,fixed_1_controlled,827,900,87.89949493661166,87.89949493661165,0.0022858329975861125
70,1,weighted,corrupt100,fixed_2_controlled,942,1005,87.89949493661166,87.89949493661165,0.0027004170005966444
70,2,weighted,clean,adaptive,199,271,67.55634918610404,67.55634918610401,0.0006289580014708918
70,2,weighted,clean,fixed_1_controlled,181,251,67.55634918610404,67.55634918610401,0.0005417089996626601
70,2,weighted,clean,fixed_2_controlled,174,230,67.55634918610404,67.55634918610401,0.0005279580000205897
70,2,weighted,corrupt50,adaptive,305,385,67.55634918610404,67.55634918610401,0.0008864159972290508
70,2,weighted,corrupt50,fixed_1_controlled,445,538,67.55634918610404,67.55634918610401,0.0013364590013225097
70,2,weighted,corrupt50,fixed_2_controlled,315,416,67.55634918610404,67.55634918610401,0.0010397920013929252
70,2,weighted,corrupt100,adaptive,305,385,67.55634918610404,67.55634918610401,0.0009614160007913597
70,2,weighted,corrupt100,fixed_1_controlled,381,488,67.55634918610404,67.55634918610401,0.0011807500013674144
70,2,weighted,corrupt100,fixed_2_controlled,264,390,67.55634918610404,67.55634918610401,0.0008300409972434863
73,0,weighted,clean,adaptive,69,89,19.727922061357855,19.727922061357862,0.0002523750008549541
73,0,weighted,clean,fixed_1_controlled,63,89,19.727922061357855,19.727922061357862,0.0002629999980854336
73,0,weighted,clean,fixed_2_controlled,69,89,19.727922061357855,19.727922061357862,0.0002260410001326818
73,0,weighted,corrupt50,adaptive,121,171,19.727922061357855,19.727922061357862,0.00037208300273050554
73,0,weighted,corrupt50,fixed_1_controlled,213,276,19.727922061357855,19.727922061357862,0.0006022499983373564
73,0,weighted,corrupt50,fixed_2_controlled,309,375,19.727922061357855,19.727922061357862,0.0009045839979080483
73,0,weighted,corrupt100,adaptive,121,171,19.727922061357855,19.727922061357862,0.00038191600106074475
73,0,weighted,corrupt100,fixed_1_controlled,218,280,19.727922061357855,19.727922061357862,0.0006624999987252522
73,0,weighted,corrupt100,fixed_2_controlled,319,385,19.727922061357855,19.727922061357862,0.0009850419992289972
73,1,weighted,clean,adaptive,826,741,207.2670273047588,207.26702730475876,0.0024641249983687885
73,1,weighted,clean,fixed_1_controlled,803,741,207.2670273047588,207.26702730475876,0.00226575000124285
73,1,weighted,clean,fixed_2_controlled,850,741,207.2670273047588,207.26702730475876,0.0025476249975326937
73,1,weighted,corrupt50,adaptive,751,786,207.2670273047588,207.26702730475876,0.0023279579982045107
73,1,weighted,corrupt50,fixed_1_controlled,914,823,207.2670273047588,207.26702730475876,0.002660207999724662
73,1,weighted,corrupt50,fixed_2_controlled,1086,828,207.2670273047588,207.26702730475876,0.003057292000448797
73,1,weighted,corrupt100,adaptive,750,786,207.2670273047588,207.26702730475876,0.002241875001345761
73,1,weighted,corrupt100,fixed_1_controlled,1026,923,207.2670273047588,207.26702730475876,0.0028504170004453044
73,1,weighted,corrupt100,fixed_2_controlled,1136,854,207.2670273047588,207.26702730475876,0.003222458002710482
73,2,weighted,clean,adaptive,793,806,177.698484809835,177.6984848098351,0.002273750000313157
73,2,weighted,clean,fixed_1_controlled,867,806,177.698484809835,177.6984848098351,0.002442790999339195
73,2,weighted,clean,fixed_2_controlled,1040,806,177.698484809835,177.6984848098351,0.0029590419981104787
73,2,weighted,corrupt50,adaptive,746,823,177.698484809835,177.6984848098351,0.002044750002824003
73,2,weighted,corrupt50,fixed_1_controlled,1638,1011,177.698484809835,177.6984848098351,0.00464441700023599
73,2,weighted,corrupt50,fixed_2_controlled,2961,1076,177.698484809835,177.6984848098351,0.008316458999615861
73,2,weighted,corrupt100,adaptive,738,819,177.698484809835,177.6984848098351,0.0020261669997125864
73,2,weighted,corrupt100,fixed_1_controlled,871,819,177.698484809835,177.6984848098351,0.002428458999929717
73,2,weighted,corrupt100,fixed_2_controlled,971,812,177.698484809835,177.6984848098351,0.0027368330011086073
90,0,weighted,clean,adaptive,848,878,96.89949493661166,96.89949493661166,0.0025040420005097985
90,0,weighted,clean,fixed_1_controlled,823,878,96.89949493661166,96.89949493661166,0.002424832997348858
90,0,weighted,clean,fixed_2_controlled,864,878,96.89949493661166,96.89949493661166,0.0025324169982923195
90,0,weighted,corrupt50,adaptive,873,907,96.89949493661166,96.89949493661166,0.0028035840005031787
90,0,weighted,corrupt50,fixed_1_controlled,830,878,96.89949493661166,96.89949493661166,0.002723916000832105
90,0,weighted,corrupt50,fixed_2_controlled,839,878,96.89949493661166,96.89949493661166,0.0024411249978584237
90,0,weighted,corrupt100,adaptive,858,907,96.89949493661166,96.89949493661166,0.002518624998629093
90,0,weighted,corrupt100,fixed_1_controlled,907,955,96.89949493661166,96.89949493661166,0.0026860420002776664
90,0,weighted,corrupt100,fixed_2_controlled,891,921,96.89949493661166,96.89949493661166,0.002629167000122834
90,1,weighted,clean,adaptive,14,57,16.31370849898476,16.313708498984763,0.00010100000145030208
90,1,weighted,clean,fixed_1_controlled,15,57,16.31370849898476,16.313708498984763,9.366700032842346e-05
90,1,weighted,clean,fixed_2_controlled,14,57,16.31370849898476,16.313708498984763,9.104100172407925e-05
90,1,weighted,corrupt50,adaptive,40,81,16.31370849898476,16.313708498984763,0.00015512499885517173
90,1,weighted,corrupt50,fixed_1_controlled,38,86,16.31370849898476,16.313708498984763,0.00014799999917158857
90,1,weighted,corrupt50,fixed_2_controlled,60,103,16.31370849898476,16.313708498984763,0.00021408400061773136
90,1,weighted,corrupt100,adaptive,61,103,16.31370849898476,16.313708498984763,0.00020641700029955246
90,1,weighted,corrupt100,fixed_1_controlled,47,92,16.31370849898476,16.313708498984763,0.00016679200052749366
90,1,weighted,corrupt100,fixed_2_controlled,60,104,16.31370849898476,16.313708498984763,0.00020329199833213352
90,2,weighted,clean,adaptive,691,743,76.38477631085024,76.38477631085024,0.0020028750004712492
90,2,weighted,clean,fixed_1_controlled,649,703,76.38477631085024,76.38477631085024,0.0018249579989060294
90,2,weighted,clean,fixed_2_controlled,666,703,76.38477631085024,76.38477631085024,0.0018544169979577418
90,2,weighted,corrupt50,adaptive,809,848,76.38477631085024,76.38477631085024,0.002206999997724779
90,2,weighted,corrupt50,fixed_1_controlled,840,890,76.38477631085024,76.38477631085024,0.002186207999329781
90,2,weighted,corrupt50,fixed_2_controlled,734,817,76.38477631085024,76.38477631085024,0.0020691659992735367
90,2,weighted,corrupt100,adaptive,813,848,76.38477631085024,76.38477631085024,0.0024835000003804453
90,2,weighted,corrupt100,fixed_1_controlled,862,895,76.38477631085024,76.38477631085024,0.002523584000300616
90,2,weighted,corrupt100,fixed_2_controlled,806,852,76.38477631085024,76.38477631085024,0.0021845420014869887
94,0,weighted,clean,adaptive,253,262,96.24264068711929,96.24264068711928,0.0008231669999076985
94,0,weighted,clean,fixed_1_controlled,241,262,96.24264068711929,96.24264068711928,0.0007512080010201316
94,0,weighted,clean,fixed_2_controlled,266,262,96.24264068711929,96.24264068711928,0.0007337500028370414
94,0,weighted,corrupt50,adaptive,285,264,96.24264068711929,96.24264068711928,0.0008149580025929026
94,0,weighted,corrupt50,fixed_1_controlled,293,270,96.24264068711929,96.24264068711928,0.0008391670016862918
94,0,weighted,corrupt50,fixed_2_controlled,417,388,96.24264068711929,96.24264068711928,0.0012429169983079191
94,0,weighted,corrupt100,adaptive,243,264,96.24264068711929,96.24264068711928,0.0006893749996379483
94,0,weighted,corrupt100,fixed_1_controlled,274,297,96.24264068711929,96.24264068711928,0.0007955000000947621
94,0,weighted,corrupt100,fixed_2_controlled,292,320,96.24264068711929,96.24264068711928,0.0008626249982626177
94,1,weighted,clean,adaptive,199,267,85.14213562373095,83.48528137423855,0.0005453329977171961
94,1,weighted,clean,fixed_1_controlled,194,261,85.14213562373095,83.48528137423855,0.0005122500006109476
94,1,weighted,clean,fixed_2_controlled,197,248,85.14213562373095,83.48528137423855,0.0005499170001712628
94,1,weighted,corrupt50,adaptive,309,350,83.48528137423857,83.48528137423855,0.0008233330008806661
94,1,weighted,corrupt50,fixed_1_controlled,389,426,83.48528137423857,83.48528137423855,0.0010122079984284937
94,1,weighted,corrupt50,fixed_2_controlled,481,509,83.48528137423857,83.48528137423855,0.0014198329990904313
94,1,weighted,corrupt100,adaptive,309,350,83.48528137423857,83.48528137423855,0.000902834002772579
94,1,weighted,corrupt100,fixed_1_controlled,259,325,83.48528137423857,83.48528137423855,0.0007922080003481824
94,1,weighted,corrupt100,fixed_2_controlled,596,492,83.48528137423857,83.48528137423855,0.0016351250014849938
94,2,weighted,clean,adaptive,910,805,106.14213562373095,105.55634918610404,0.0028785829999833368
94,2,weighted,clean,fixed_1_controlled,795,805,106.14213562373095,105.55634918610404,0.002547457999753533
94,2,weighted,clean,fixed_2_controlled,1256,805,106.14213562373095,105.55634918610404,0.003869042000587797
94,2,weighted,corrupt50,adaptive,932,839,105.55634918610404,105.55634918610404,0.003151500000967644
94,2,weighted,corrupt50,fixed_1_controlled,836,825,106.14213562373095,105.55634918610404,0.002757500002189772
94,2,weighted,corrupt50,fixed_2_controlled,1195,824,106.14213562373095,105.55634918610404,0.003566708997823298
94,2,weighted,corrupt100,adaptive,888,839,105.55634918610404,105.55634918610404,0.002879333002056228
94,2,weighted,corrupt100,fixed_1_controlled,980,863,105.55634918610404,105.55634918610404,0.0029115420002199244
94,2,weighted,corrupt100,fixed_2_controlled,1243,897,105.55634918610404,105.55634918610404,0.003688916000101017
